{"sampled_map_4": {"ASPt2r_min": -0.6649144760312876, "ASNt2r_min": -0.3836572739307875, "NADH2r_max": -0.19182119832006556, "NADH10_max": -0.18905633529490734, "NADH9_max": -0.18257364413965443, "CYST_II_min": -0.155522353659577, "CAT_max": -0.1512528052191905, "NADH2r_min": -0.13734623629122272, "CYO1b_max": -0.1290735487782903, "Kabc_min": -0.1280833445365333, "CYST_II_max": -0.09682664499854221, "Kabc_max": -0.09564916033555637, "ALAR_max": -0.08628090063154688, "NADH9_min": -0.08626958135970693, "NADH10_min": -0.08621997142442438, "ACCOAC_min": -0.08311297123581365, "ADNCYC_min": -0.06870406852698939, "CHORS_min": -0.06448580055225149, "CYSM_II_max": -0.06164669934080909, "ADNCYC_max": -0.05743327130891915, "FACOAL140_min": -0.04540200302714817, "ACCOAC_max": -0.03418666490356124, "MCD_max": -0.03237857233947761, "CYSM_II_min": -0.029610980373803473, "FAS80_L_max": -0.029342316080275644, "FAS140_max": -0.029342217148129353, "FAS100_max": -0.029342217148129353, "FAS120_max": -0.029342217148129353, "FAS161_max": -0.029340190377981964, "FAS160_max": -0.029339993535684852, "FAS181_max": -0.029286377131557594, "FAS180_max": -0.029284415710482563, "NARK_min": -0.02779503352355291, "MCOATA_max": -0.02744910016304865, "CHORS_max": -0.02565229127169981, "ALAR_min": -0.020756376683345696, "FAD_8_max": -0.020264470567184095, "NARK_max": -0.016597749269258784, "FACOAL161_max": -0.015640834010247125, "DHFR_min": -0.013390552674099701, "FAD_9_min": -0.011614553957945677, "FAD_10_min": -0.011614553957945677, "DHPPDA2_max": -0.01113291285795166, "FAD_14_min": -0.01056564167858285, "FAD_13_min": -0.010457037932240763, "FAD_12_min": -0.010457037932240763, "FAD_11_min": -0.010457037932240763, "FAD_19_min": -0.010429849805763237, "FAD_16_min": -0.010429849805763237, "FAD_18_min": -0.010429849805763237, "FAD_15_min": -0.010429849805763237, "FAD_17_min": -0.010429849805763189, "FAS140_min": -0.010418837157244997, "FAS100_min": -0.010418837157244997, "FAS120_min": -0.010418837157244997, "FAD_8_min": -0.010418837157244969, "PGCD_min": -0.008364042352929753, "ALAD_L_max": -0.005659192373931978, "DHPPDA_max": -0.004014410455490846, "KGD2_min": -0.0032862830187873862, "MYCSacp50_max": -1.4679358869257148e-16, "FAD_3_max": -8.218931305848404e-17, "MYCSacp50_min": -6.559423018947473e-17, "FAS260_max": -5.726586219212048e-17, "FAD_3_min": -4.7213252757460966e-17, "FAD_7_min": -1.0601386564478314e-17, "NAGINSP_max": -1.8168929427837746e-21, "NAGINSP_min": -1.0629987585224303e-22, "ECHA191_min": -4.1203834093012365e-33, "FAD_2_max": -3.779800824748822e-33, "FAD_1_max": -7.081907824175254e-34, "FAS181_min": 0.0, "TDPDRR_min": 0.0, "FAD_4_max": 0.0, "FAD_4_min": 0.0, "FAD_5_max": 0.0, "FAD_5_min": 0.0, "FAD_6_max": 0.0, "FAD_6_min": 0.0, "TDPDRR_max": 0.0, "MYCSacp58_min": 0.0, "MYCSacp58_max": 0.0, "MYCSacp56_min": 0.0, "MYCSacp56_max": 0.0, "MYC1M2_min": 0.0, "MYC1M2_max": 0.0, "MYC1M1_min": 0.0, "MYC1M1_max": 0.0, "MAN1PT2_max": 0.0, "FAD_27_min": 0.0, "HEMEOS_min": 0.0, "HEMEOS_max": 0.0, "GXRA_min": 0.0, "FBPA_min": 0.0, "FAS80_L_min": 0.0, "FAS240_L_min": 0.0, "FAS240_L_max": 0.0, "FAS161_min": 0.0, "FAD_27_max": 0.0, "ACCC_max": 0.0, "FAD_26_max": 0.0, "DCPE_min": 0.0, "CHSTEROLt_min": 0.0, "CIGAMS_max": 0.0, "ACCC_min": 0.0, "ACChex_max": 0.0, "CIGAMS_min": 0.0, "EMB_min": 0.0, "EMB_max": 0.0, "ECHA192_min": 0.0, "ECHA192_max": 0.0, "FAD_26_min": 0.0, "DHFS_min": 0.0, "CYSK2_I_max": 0.0, "DHFS_max": 0.0, "CYSK2_I_min": 0.0, "DCPT_min": 0.0, "DCPT_max": 0.0, "CHSTEROLt_max": 0.0, "ACChex_min": 0.0, "DCPE_max": 0.0, "APRAUR_min": 0.0, "FAD_25_min": 0.0, "FAD_25_max": 0.0, "FAD_24_min": 0.0, "ALAD_L_min": 0.0, "FAD_24_max": 0.0, "FAD_23_min": 0.0, "FAD_23_max": 0.0, "FAD_22_min": 0.0, "FAD_22_max": 0.0, "FAD_21_min": 0.0, "FAD_20_min": 0.0, "FAD_20_max": 0.0, "FAD_21_max": 0.0, "APRAUR_max": 0.0, "FAD_1_min": 1.6743899719758408e-34, "ECHA191_max": 3.151491174618374e-33, "FAD_2_min": 3.856892372098635e-31, "FAS160_min": 1.3669324682702486e-17, "FAD_7_max": 1.7782881765069892e-17, "MSHS_min": 1.8587858093363566e-17, "MSHS_max": 5.0901975153982734e-17, "FAS260_min": 7.312527727977926e-17, "G3PD1ir_max": 0.003758144203713586, "FAD_14_max": 0.004653596066000903, "CYO1b_min": 0.005171399814271818, "PDIMAT_min": 0.007002919590226371, "FACOAL200_min": 0.007002919590226371, "PREPTHS_min": 0.007002919590226377, "DHFR_max": 0.007997957097540817, "TMDS_max": 0.007997957097540826, "DHPPDA2_min": 0.010908747433379362, "DHPPDA_min": 0.010908747433379362, "FAD_10_max": 0.01152153341686285, "FAD_9_max": 0.01152153341686285, "PGCD_max": 0.011664389399559539, "CAT_min": 0.012332162176282292, "FAS200_max": 0.01419955065551335, "KGD2_max": 0.014963501650789827, "FACOALPREPH_min": 0.015009085295290013, "FAS180_min": 0.015870967042624883, "FAS200_min": 0.01587096704262507, "FBPA_max": 0.016523843870630005, "FAD_11_max": 0.018021575306994365, "FAD_12_max": 0.018021575306994365, "FAD_13_max": 0.018021575306994365, "OXCDC_max": 0.021060474244730527, "PYK_max": 0.024468965129619814, "FACOAL180_min": 0.02566111534043442, "FAD_18_max": 0.027986734875324062, "FAD_15_max": 0.02798673487532407, "FAD_17_max": 0.027986734878074026, "FAD_16_max": 0.027986734878074068, "FAD_19_max": 0.027986734878074068, "FACOAL140_max": 0.029796661066206456, "FACOALPREPH_max": 0.029959345905831977, "FACOAL180_max": 0.029977259310798626, "TMDS_min": 0.03182389289575612, "PPDIMAT_min": 0.032427152943431264, "PREPTHS2_min": 0.032427152943431264, "MCOATA_min": 0.032427162681763676, "ASNt2r_max": 0.03498298151582274, "ASPt2r_max": 0.034982981515822874, "MAN1PT_min": 0.036714315201195884, "MAN1PT2_min": 0.036714315201195884, "MAN1PT_max": 0.036714315201195884, "VPAMTr_max": 0.04042959402745937, "PYK_min": 0.04353635853348717, "ALAALAr_max": 0.04359995137389361, "G3PD1ir_min": 0.04969147336333274, "GXRA_max": 0.053722821432586346, "OXCDC_min": 0.06116841642265649, "TYRTA_max": 0.06528732239953529, "ALAALAr_min": 0.06808157317558237, "PHETA1_max": 0.07018554729117643, "NNAM_min": 0.07514981136930335, "VPAMTr_min": 0.08177596267517048, "TYRTA_min": 0.10065337703906622, "PHETA1_min": 0.10086057022993897, "PPCOAC_min": 0.1238808917548681, "FACOAL161_min": 0.12519189636437117, "NADH5_min": 0.1330166852797648, "NADH5_max": 0.14777369187611947, "PREPTHS_max": 0.1676490793186197, "FACOAL200_max": 0.1676490793186197, "PDIMAT_max": 0.1676490793186197, "PPDIMAT_max": 0.19572550905827954, "PREPTHS2_max": 0.19572550905827954, "MCD_min": 0.20897493742513368, "PPCOAC_max": 0.2129761581609311, "NNAM_max": 0.7889080236584476}}