{"sampled_map_1": {"CAT_max": -0.4295924469957167, "DHPPDA2_max": -0.37052890965379803, "CAT_min": -0.3678488083143352, "PHETA1_min": -0.21718566840007014, "TYRTA_min": -0.2156250221959603, "PREPTHS_min": -0.17589336337128356, "PDIMAT_min": -0.17589336337128353, "FACOAL200_min": -0.17589336337128353, "ALAALAr_max": -0.14941774993970933, "FAS200_min": -0.13800778640752245, "PPCOAC_max": -0.13578212888819538, "MCOATA_max": -0.1303684635733088, "MCD_min": -0.12761750458893092, "FACOAL161_max": -0.12633852140928978, "FACOAL140_min": -0.1243956207351151, "CYSM_II_max": -0.12391763502833056, "NADH10_max": -0.12245249706696916, "FAD_8_max": -0.10797070771207327, "ACCOAC_min": -0.1078162634557655, "VPAMTr_max": -0.10668169139236564, "CYO1b_max": -0.10425977030868816, "MCD_max": -0.09600044031240584, "CHORS_min": -0.08947469454391554, "PPDIMAT_min": -0.08692114375090783, "PREPTHS2_min": -0.08692114375090783, "ACCOAC_max": -0.08645259409001213, "FAD_10_max": -0.08351520404468243, "FAD_9_max": -0.08351520404468243, "PHETA1_max": -0.08195207172223339, "FAS180_min": -0.08124217558213177, "FAD_17_max": -0.07940566253945718, "FAD_18_max": -0.07940566253945718, "FAD_19_max": -0.07940566253945718, "FAD_15_max": -0.07940566253945718, "FAD_16_max": -0.07940566253401361, "FAD_13_max": -0.07715783872580313, "FAD_11_max": -0.07715783872580313, "FAD_12_max": -0.07715783872580313, "FAD_14_max": -0.07506715512527556, "TYRTA_max": -0.07190843091846619, "PGCD_min": -0.06668310139094526, "PPCOAC_min": -0.06063749256004298, "FACOALPREPH_min": -0.05198710109410028, "VPAMTr_min": -0.04784787853722021, "FACOAL180_min": -0.046523063500687835, "TMDS_min": -0.04566846940439714, "FBPA_max": -0.039874927311251085, "DHFR_min": -0.036917242698766735, "CYSM_II_min": -0.03645412023084615, "ALAR_max": -0.032847238099273, "ALAALAr_min": -0.03280416655180682, "PGCD_max": -0.01991093859966224, "ALAD_L_min": -0.013726992024342634, "GXRA_min": -0.013726992024342634, "PREPTHS2_max": -0.01114087065649084, "PPDIMAT_max": -0.01114087065649084, "ALAD_L_max": -0.009859741425054264, "PREPTHS_max": -0.004758607594674227, "FACOAL200_max": -0.00475860759467422, "PDIMAT_max": -0.00475860759467422, "Kabc_max": -0.0031014592277001994, "FACOAL140_max": -0.0015702368488598995, "DHFR_max": -0.0006271900527415051, "TMDS_max": -0.0006271900527415026, "G3PD1ir_min": -0.0003135394444384275, "FAD_7_max": -2.453608027306018e-16, "FAD_7_min": -1.761425134048528e-16, "ASPt2r_max": -1.1378323741968733e-16, "FAD_3_min": -4.338129251267999e-17, "FAS260_max": -2.6158292759049166e-17, "MYCSacp50_max": -8.639506798982466e-18, "Kabc_min": -1.0669412911400144e-23, "ECHA191_min": -2.88036525612034e-29, "FAD_2_min": -1.5540267761241023e-30, "ECHA191_max": -2.749037068529723e-31, "FAD_2_max": -7.982412676695303e-36, "FAD_6_min": 0.0, "FAD_5_min": 0.0, "DCPT_max": 0.0, "FAS161_min": 0.0, "FAS181_min": 0.0, "FAS240_L_max": 0.0, "FAD_5_max": 0.0, "FAS80_L_min": 0.0, "FBPA_min": 0.0, "FAD_6_max": 0.0, "HEMEOS_max": 0.0, "DHFS_max": 0.0, "MAN1PT2_max": 0.0, "ACChex_max": 0.0, "TDPDRR_max": 0.0, "APRAUR_max": 0.0, "ASNt2r_max": 0.0, "CHSTEROLt_max": 0.0, "CHSTEROLt_min": 0.0, "CIGAMS_max": 0.0, "CYO1b_min": 0.0, "CYSK2_I_max": 0.0, "NADH2r_max": 0.0, "CYSK2_I_min": 0.0, "MYCSacp58_max": 0.0, "MYC1M2_max": 0.0, "MYC1M1_max": 0.0, "DCPE_max": 0.0, "FAD_4_min": 0.0, "FAD_4_max": 0.0, "ACCC_max": 0.0, "FAD_23_min": 0.0, "FAD_21_max": 0.0, "FAD_22_max": 0.0, "FAD_20_min": 0.0, "FAD_20_max": 0.0, "FAD_1_min": 0.0, "ECHA192_max": 0.0, "FAD_23_max": 0.0, "FAD_1_max": 0.0, "ECHA192_min": 0.0, "EMB_max": 0.0, "FAD_24_max": 0.0, "FAD_22_min": 0.0, "FAD_25_max": 0.0, "FAD_25_min": 0.0, "FAD_26_max": 0.0, "FAD_26_min": 0.0, "FAD_27_max": 0.0, "FAD_27_min": 0.0, "FAD_24_min": 0.0, "FAD_21_min": 0.0, "NAGINSP_max": 1.748339191802142e-19, "MSHS_max": 3.783065427672221e-18, "FAS160_min": 8.495911304398884e-17, "FAD_3_max": 1.5154110427429255e-16, "G3PD1ir_max": 0.0022539865245024804, "FACOAL180_max": 0.0028759191528180145, "FACOALPREPH_max": 0.006657658217207959, "MCOATA_min": 0.008038924342948596, "NADH2r_min": 0.010037227762127404, "NARK_min": 0.01545555442323745, "NADH9_min": 0.019661513396870674, "NADH10_min": 0.01967066934706058, "FAS200_max": 0.01968634123573179, "GXRA_max": 0.02354650965005785, "FAD_10_min": 0.023643736038583215, "FAD_9_min": 0.023643736038583215, "FAD_14_min": 0.02408567566293858, "FAD_13_min": 0.024131433442246827, "FAD_12_min": 0.024131433442246827, "FAD_11_min": 0.024131433442246827, "FAD_15_min": 0.02414288820162782, "FAD_18_min": 0.02414288820162782, "FAD_19_min": 0.02414288820162782, "FAD_16_min": 0.02414288820162782, "FAD_17_min": 0.024142888201627848, "FAD_8_min": 0.024147528613604932, "FAS100_min": 0.024598459289793474, "FAS120_min": 0.024598459289793474, "FAS140_min": 0.024598459289793474, "FAS160_max": 0.03145360146690322, "FAS100_max": 0.03156748675362886, "FAS120_max": 0.03156748675362886, "FAS140_max": 0.03156748675362886, "FAS180_max": 0.031700296080489736, "FAS80_L_max": 0.03195915114837283, "FAS181_max": 0.03229903038688811, "FAS161_max": 0.033109785169423644, "MAN1PT_min": 0.043167617112681855, "MAN1PT_max": 0.043167617112681855, "ALAR_min": 0.05663050351530106, "FACOAL161_min": 0.06043698870884801, "NARK_max": 0.06198824211108888, "ADNCYC_min": 0.06456992704008124, "OXCDC_min": 0.07836518870494882, "ASNt2r_min": 0.08625829962708373, "ASPt2r_min": 0.08671902801400855, "ADNCYC_max": 0.08727361995461702, "MAN1PT2_min": 0.1041263841633541, "MYCSacp56_max": 0.14877431882514794, "PYK_max": 0.15218214942133668, "PYK_min": 0.16059850129529243, "OXCDC_max": 0.1623104412949918, "NADH5_max": 0.19876913679117494, "CHORS_max": 0.2042659194310831, "NADH5_min": 0.22895560800308956, "TDPDRR_min": 0.24014124849355858, "EMB_min": 0.24014124849355858, "ACCC_min": 0.24014922989509876, "ACChex_min": 0.24014922989509876, "FAS260_min": 0.24014935563504314, "FAS240_L_min": 0.2401493556350432, "MSHS_min": 0.24014935563504342, "CIGAMS_min": 0.24014935563504347, "DCPE_min": 0.24014935563504347, "NAGINSP_min": 0.24014935563504347, "DCPT_min": 0.24014935563504347, "MYCSacp58_min": 0.24014935563504347, "MYC1M1_min": 0.24014935563504353, "APRAUR_min": 0.2401495244632889, "MYCSacp56_min": 0.24014981543057448, "HEMEOS_min": 0.24015305918333646, "DHFS_min": 0.24015676321292223, "MYC1M2_min": 0.24731285423359578, "MYCSacp50_min": 0.25071225151454185, "NNAM_min": 0.26452098613510544, "DHPPDA_max": 0.28006035317060296, "KGD2_min": 0.2920241887173442, "CYST_II_max": 0.3015841214401183, "KGD2_max": 0.30533970853775033, "NADH9_max": 0.32428364215522104, "CYST_II_min": 0.34581927263357315, "DHPPDA_min": 0.37052890965379814, "DHPPDA2_min": 0.37052890965379814, "NNAM_max": 1.205693780190218}}