{"sampled_map_1": {"CAT_max": -0.4519925502829753, "DHPPDA2_max": -0.37540198446903017, "CAT_min": -0.3612624112928754, "ACCOAC_min": -0.33296459027470915, "ACCOAC_max": -0.3129438381785659, "MCD_max": -0.2961403500079307, "ALAALAr_max": -0.22201891536965632, "MCD_min": -0.20916706593205056, "PPCOAC_max": -0.1940175810811966, "FACOAL140_min": -0.1485969189395014, "CHORS_min": -0.14738404024757065, "PPCOAC_min": -0.14470327507421488, "ALAALAr_min": -0.14342813110104646, "PPDIMAT_min": -0.13956024380676788, "PREPTHS2_min": -0.13956024380676788, "PGCD_min": -0.13001554921793482, "FAD_8_max": -0.11721036953110842, "FAD_19_max": -0.11561929882851804, "FAD_15_max": -0.11561929882851803, "FAD_18_max": -0.11561929882851803, "FAD_17_max": -0.11561929882851794, "FAD_16_max": -0.11561929882708373, "CYSM_II_max": -0.11491979744905527, "MCOATA_max": -0.1144757660352327, "FACOAL161_max": -0.11368166430227986, "FAD_10_max": -0.11367427329719904, "FAD_9_max": -0.11367427329719902, "FAD_12_max": -0.11365593930841916, "FAD_13_max": -0.11365593930841916, "FAD_11_max": -0.11365593930841913, "FAS200_min": -0.11316334610579726, "FAD_14_max": -0.10524547903300101, "FACOAL200_min": -0.10253094800970278, "PDIMAT_min": -0.10253094800970268, "PREPTHS_min": -0.10253094800970262, "FACOALPREPH_min": -0.10074574146315664, "FACOAL180_min": -0.09616465905833262, "FAS180_min": -0.09397683572536213, "DHFR_min": -0.06229689687179942, "CYO1b_max": -0.06079100245722588, "NARK_max": -0.053522156770826744, "PGCD_max": -0.04329257204488753, "ALAR_max": -0.03507470061569526, "GXRA_max": -0.02649409692689069, "MYCSacp56_max": -0.025747964865865697, "FACOAL161_min": -0.023230324625739724, "TYRTA_max": -0.022048451475067038, "TMDS_max": -0.020279490929723053, "DHFR_max": -0.020279490929722987, "ALAD_L_max": -0.020245831235239726, "ALAD_L_min": -0.019541033439526515, "GXRA_min": -0.019541033439526515, "PHETA1_max": -0.01816082255336057, "CYSM_II_min": -0.01769302727236852, "G3PD1ir_min": -0.015925399997506275, "CHORS_max": -0.014922440231086178, "Kabc_max": -0.0148262229409509, "NARK_min": -0.014432065470009523, "G3PD1ir_max": -0.013541381950746065, "MCOATA_min": -0.012321620817086178, "VPAMTr_max": -0.011639433458781122, "NADH10_max": -0.0077973017230316384, "PREPTHS2_max": -0.0063679894747882895, "PPDIMAT_max": -0.0063679894747882895, "MYCSacp50_max": -5.489732957952767e-17, "FAS160_min": -4.109289898006595e-17, "FAS80_L_min": -3.283055027735362e-17, "CHSTEROLt_min": -2.8195174596863975e-17, "FAD_21_max": -2.1565576629207767e-17, "FAD_7_min": -1.2607433848655356e-17, "ECHA191_min": -1.0390656009377916e-17, "CHSTEROLt_max": -9.330393260888459e-18, "ECHA191_max": -9.278939789845806e-18, "ACCC_max": -4.876422433534927e-18, "FAD_24_min": -2.963623110637569e-18, "FAD_2_max": -2.6923506223109007e-18, "CIGAMS_max": -2.314733292273579e-18, "FAD_21_min": -1.4165348138159636e-18, "FAD_1_max": -5.664839809411087e-19, "FAS181_min": -1.5809902296348252e-19, "ECHA192_min": -5.545044511652844e-20, "FAD_27_min": -4.2984599388357825e-20, "FAD_4_min": -1.750739965929033e-20, "NADH2r_max": -1.784953001143221e-21, "DHFS_max": -3.7547200169277867e-35, "FAD_26_min": 0.0, "CYO1b_min": 0.0, "FAD_6_max": 0.0, "MYCSacp58_max": 0.0, "HEMEOS_max": 0.0, "CYSK2_I_max": 0.0, "CYSK2_I_min": 0.0, "ACChex_max": 0.0, "EMB_max": 0.0, "FBPA_min": 0.0, "FAD_6_min": 0.0, "FAD_26_max": 0.0, "ASNt2r_max": 0.0, "DCPT_max": 0.0, "MYC1M1_max": 0.0, "TDPDRR_max": 0.0, "DCPE_max": 0.0, "FAD_20_max": 0.0, "FAD_20_min": 0.0, "MAN1PT2_max": 0.0, "MYC1M2_max": 0.0, "APRAUR_max": 0.0, "FAD_5_max": 3.0706748017026143e-22, "FAS240_L_max": 6.455200893699375e-22, "ECHA192_max": 1.1295358723312635e-21, "FAD_5_min": 2.4556363420004144e-21, "FAS161_min": 2.518334570299642e-21, "FAD_23_max": 1.4337551186311185e-20, "FAD_22_min": 1.949654385054469e-20, "FAD_22_max": 4.7454536105530186e-20, "FAD_4_max": 4.8717355323366266e-20, "FAD_23_min": 4.952017460968195e-20, "FAD_27_max": 8.027298590453391e-20, "FAD_25_min": 7.682666058183472e-19, "MSHS_max": 8.169232998083796e-19, "FAD_25_max": 1.5727572960183038e-18, "Kabc_min": 2.6924738296506017e-18, "FAD_24_max": 5.802007639192961e-18, "FAD_2_min": 1.3927614725597942e-17, "FAD_1_min": 1.98492652326786e-17, "ASPt2r_max": 3.249982666384816e-17, "NAGINSP_max": 3.518028770807099e-17, "FAD_3_max": 4.520085809392537e-17, "FAS260_max": 6.44315491929619e-17, "FAD_3_min": 1.2155422267190768e-16, "FAD_7_max": 1.6053698056659234e-16, "FAS160_max": 0.003491677717078509, "FAD_8_min": 0.0035714197113536545, "FAD_17_min": 0.0035757987193681664, "FAD_19_min": 0.003575798719368208, "FAD_15_min": 0.003575798719368236, "FAD_16_min": 0.003575798719368236, "FAD_18_min": 0.003575798719368236, "FAD_11_min": 0.0035866097077675452, "FAD_13_min": 0.003586609707767601, "FAD_12_min": 0.003586609707767601, "FAD_14_min": 0.0036297944594713147, "FAS180_max": 0.003672254356250409, "FAS140_min": 0.0037238324763149114, "FAS120_min": 0.0037238324763150224, "FAS100_min": 0.0037238324763150224, "FAD_9_min": 0.00404687953950298, "FAD_10_min": 0.004046879539502994, "FAS120_max": 0.004135883572419161, "FAS100_max": 0.004135883572419161, "FAS140_max": 0.004135883572419193, "FAS181_max": 0.004590101084763706, "FAS80_L_max": 0.004703280756853295, "FAS200_max": 0.005764439681528902, "FAS161_max": 0.006188936197199642, "FACOAL200_max": 0.011057058769583936, "PREPTHS_max": 0.011057058769584075, "PDIMAT_max": 0.01105705876958413, "MYC1M2_min": 0.028717960074908223, "NADH5_min": 0.03313808566114749, "VPAMTr_min": 0.0419555178929698, "TMDS_min": 0.043271552501838874, "CYST_II_min": 0.04827286171719759, "TYRTA_min": 0.04919598286925211, "PHETA1_min": 0.04966393776058539, "NADH5_max": 0.050265698733660234, "MYCSacp50_min": 0.05691274231431923, "ASNt2r_min": 0.058207183933741906, "ASPt2r_min": 0.058981857475579116, "CYST_II_max": 0.06193891575605606, "TDPDRR_min": 0.08116366819077918, "EMB_min": 0.08116366819077918, "ACCC_min": 0.08116925754168386, "ACChex_min": 0.08116925754168396, "FAS260_min": 0.08116934559697929, "NAGINSP_min": 0.08116934559697934, "CIGAMS_min": 0.08116934559697946, "MYCSacp58_min": 0.08116934559697947, "DCPE_min": 0.08116934559697947, "DCPT_min": 0.08116934559697947, "MYC1M1_min": 0.08116934559697951, "FAS240_L_min": 0.08116934559697957, "MSHS_min": 0.08116934559697958, "ALAR_min": 0.08116939538071427, "APRAUR_min": 0.08116946382687969, "MYCSacp56_min": 0.08116966759037306, "HEMEOS_min": 0.08117193918043719, "DHFS_min": 0.08117453310094222, "FBPA_max": 0.09906938448547811, "OXCDC_min": 0.1012521103396243, "KGD2_min": 0.11470742632624482, "NADH2r_min": 0.12299080481612464, "KGD2_max": 0.12449448541484537, "NADH9_min": 0.13169133031931665, "NADH10_min": 0.1316993069534012, "DHPPDA_max": 0.13251099498575603, "FACOAL140_max": 0.13757470571891522, "FACOAL180_max": 0.13986321371297292, "FACOALPREPH_max": 0.1427522525884349, "NADH9_max": 0.17741583996659407, "MAN1PT2_min": 0.1838877756118581, "OXCDC_max": 0.19377613197131854, "MAN1PT_max": 0.20372075356902905, "MAN1PT_min": 0.20372075356902905, "NNAM_min": 0.20402470571225298, "PYK_min": 0.22287274701526158, "PYK_max": 0.22421742391625066, "ADNCYC_min": 0.24032837600226953, "ADNCYC_max": 0.2826897616356162, "DHPPDA2_min": 0.37540198446903006, "DHPPDA_min": 0.37540198446903034, "NNAM_max": 0.9288657508578885}}