{"sampled_map_3": {"MCD_min": -0.37467166831715115, "Kabc_min": -0.3555236347840716, "Kabc_max": -0.3456673940540601, "CYST_II_min": -0.3375833566890318, "ACCOAC_min": -0.3108664195733139, "CAT_min": -0.29986882837330436, "ADNCYC_max": -0.2853709080360024, "NNAM_min": -0.252495323638649, "FAD_14_max": -0.22675021705669354, "FAD_17_max": -0.2218837621938784, "FAD_16_max": -0.2218837621938784, "FAD_15_max": -0.2218837621938784, "FAD_19_max": -0.2218837621938784, "FAD_18_max": -0.2218837621938784, "FAD_13_max": -0.22161681874245642, "FAD_12_max": -0.22161681874245642, "FAD_11_max": -0.22161681874245642, "FAD_10_max": -0.2212171940452841, "FAD_9_max": -0.2212171940452841, "FAD_8_max": -0.21158100291888346, "PGCD_max": -0.2044542087525803, "MAN1PT_max": -0.2000091586459739, "PGCD_min": -0.18585119435523267, "ALAR_max": -0.1848170722932099, "CAT_max": -0.1823581013243397, "PREPTHS2_min": -0.17899402595373848, "PPDIMAT_min": -0.17899402595373848, "ALAD_L_max": -0.17746953490685233, "ADNCYC_min": -0.17618323010604836, "NARK_min": -0.1615694252540261, "NARK_max": -0.15627669390291068, "CYST_II_max": -0.1413123350920364, "ALAALAr_min": -0.13991881044600607, "MCOATA_max": -0.1334344450465177, "FAS180_min": -0.11508774401690043, "FAS200_min": -0.11508774401690035, "CHORS_max": -0.1014238057306795, "MCOATA_min": -0.08841605768698782, "MYCSacp50_min": -0.08582013537454154, "PREPTHS_min": -0.08085744448767125, "FACOAL200_min": -0.08085744448767125, "PDIMAT_min": -0.08085744448767125, "CHORS_min": -0.08041327670339957, "GXRA_min": -0.07840891066485814, "ALAD_L_min": -0.07840891066485814, "MYCSacp56_max": -0.07066788793690655, "FBPA_max": -0.07066788793690655, "MAN1PT2_min": -0.0641051622618561, "MAN1PT_min": -0.06202061324588102, "TMDS_max": -0.0615098997811481, "ALAALAr_max": -0.05167043130012222, "G3PD1ir_min": -0.03486188313844448, "FACOAL161_max": -0.01107478055418071, "FAD_19_min": -0.008360444995687406, "FAD_17_min": -0.008360444995687406, "FAD_15_min": -0.008360444995687406, "FAD_16_min": -0.008360444995687406, "FAD_18_min": -0.008360444995687406, "FAD_10_min": -0.008360440408433619, "FAD_9_min": -0.008360440408433619, "FAD_8_min": -0.008360440408433617, "FAS100_min": -0.008360440408433617, "FAS120_min": -0.008360440408433617, "FAS140_min": -0.008360440408433617, "FAD_11_min": -0.008360440408433617, "FAD_12_min": -0.008360440408433617, "FAD_13_min": -0.008360440408433617, "FAD_14_min": -0.008360436770584763, "NADH10_max": -0.005695568598307647, "MYC1M2_min": -0.004943934760882069, "FAD_7_max": -1.110620976344334e-16, "FAD_3_max": -1.0051543709883365e-16, "FAD_3_min": -9.068902978376296e-17, "FAS160_max": -8.408946250613121e-17, "FAS180_max": -2.817836487964764e-17, "FAD_7_min": -2.712319274156849e-17, "FAS161_max": 0.0, "MYCSacp56_min": 0.0, "FAS140_max": 0.0, "MYCSacp58_max": 0.0, "FAS120_max": 0.0, "MYCSacp58_min": 0.0, "FAS100_max": 0.0, "NADH2r_max": 0.0, "NAGINSP_max": 0.0, "NAGINSP_min": 0.0, "NNAM_max": 0.0, "TDPDRR_max": 0.0, "TDPDRR_min": 0.0, "FAS161_min": 0.0, "FAS260_max": 0.0, "FAS260_min": 0.0, "FAS181_max": 0.0, "FAS80_L_max": 0.0, "FAS80_L_min": 0.0, "FBPA_min": 0.0, "FAD_6_min": 0.0, "HEMEOS_max": 0.0, "HEMEOS_min": 0.0, "MSHS_max": 0.0, "MSHS_min": 0.0, "MYC1M1_max": 0.0, "MYC1M1_min": 0.0, "FAS240_L_min": 0.0, "FAS240_L_max": 0.0, "MYC1M2_max": 0.0, "FAS200_max": 0.0, "FAS181_min": 0.0, "MYCSacp50_max": 0.0, "FAD_6_max": 0.0, "ACCC_max": 0.0, "FAD_5_max": 0.0, "ECHA192_min": 0.0, "ECHA192_max": 0.0, "ECHA191_min": 0.0, "ECHA191_max": 0.0, "DHPPDA_min": 0.0, "DHPPDA_max": 0.0, "DHPPDA2_min": 0.0, "DHPPDA2_max": 0.0, "DHFS_min": 0.0, "FAD_5_min": 0.0, "DCPT_min": 0.0, "DCPT_max": 0.0, "DCPE_min": 0.0, "DCPE_max": 0.0, "EMB_max": 0.0, "CYSM_II_min": 0.0, "CYSK2_I_min": 0.0, "CYSK2_I_max": 0.0, "CYO1b_min": 0.0, "CYO1b_max": 0.0, "CIGAMS_min": 0.0, "CIGAMS_max": 0.0, "CHSTEROLt_min": 0.0, "CHSTEROLt_max": 0.0, "ASNt2r_max": 0.0, "APRAUR_min": 0.0, "APRAUR_max": 0.0, "ACChex_min": 0.0, "ACChex_max": 0.0, "ACCC_min": 0.0, "CYSM_II_max": 0.0, "EMB_min": 0.0, "DHFS_max": 0.0, "FAD_22_max": 0.0, "FAD_23_min": 0.0, "FAD_23_max": 0.0, "FAD_22_min": 0.0, "FAD_27_min": 0.0, "FAD_21_min": 0.0, "FAD_21_max": 0.0, "FAD_24_min": 0.0, "FAD_2_min": 0.0, "FAD_20_min": 0.0, "FAD_20_max": 0.0, "FAD_1_min": 0.0, "FAD_1_max": 0.0, "FAD_25_min": 0.0, "FAD_26_max": 0.0, "FAD_26_min": 0.0, "FAD_4_max": 0.0, "FAD_27_max": 0.0, "FAD_4_min": 0.0, "FAD_2_max": 0.0, "FAD_25_max": 0.0, "FAD_24_max": 0.0, "NADH5_min": 2.3789095618310876e-17, "FAS160_min": 4.782934526104062e-17, "NADH5_max": 6.888599356376655e-17, "ASPt2r_max": 9.142247089690008e-17, "GXRA_max": 0.01423308395431315, "PDIMAT_max": 0.022036765494037054, "PREPTHS_max": 0.022036765494037054, "FACOAL200_max": 0.022036765494037054, "ALAR_min": 0.03241348864626968, "VPAMTr_max": 0.045995422018588424, "KGD2_min": 0.05352888592177705, "DHFR_max": 0.061509899781148104, "MAN1PT2_max": 0.06202061324588109, "NADH10_min": 0.0805762806639332, "NADH2r_min": 0.0805762806639332, "NADH9_min": 0.0805762806639332, "FACOAL140_min": 0.08217958062890336, "G3PD1ir_max": 0.08531041260827303, "NADH9_max": 0.08822798392361052, "FACOALPREPH_max": 0.09189059265993599, "FACOAL180_max": 0.09524476106510216, "FACOAL140_max": 0.09601559047876432, "OXCDC_min": 0.09751112348019705, "FACOAL180_min": 0.09862576448572948, "FACOALPREPH_min": 0.09938386731948883, "OXCDC_max": 0.09961968407880042, "PHETA1_min": 0.10438494427840943, "TYRTA_min": 0.10525172301074491, "DHFR_min": 0.13357624493567521, "TMDS_min": 0.13357624493567521, "PYK_max": 0.1442775790108655, "VPAMTr_min": 0.17913723445984142, "PHETA1_max": 0.1855509454750303, "TYRTA_max": 0.1855509454750303, "PPDIMAT_max": 0.20454251484625352, "PREPTHS2_max": 0.20454251484625352, "FACOAL161_min": 0.22331321314178035, "ASPt2r_min": 0.24070424581887043, "ASNt2r_min": 0.24329779107016195, "PYK_min": 0.25808163535992545, "KGD2_max": 0.3375833566890317, "ACCOAC_max": 0.3631205798774747, "PPCOAC_max": 0.430761312261349, "MCD_max": 0.4332349872535784, "PPCOAC_min": 0.43847691874077965}}