{"sampled_map_0": {"ADNCYC_max": -0.5219670977012639, "ADNCYC_min": -0.5185013235328974, "MYC1M2_min": -0.49731222965228494, "MYCSacp50_min": -0.43217426481331706, "ASPt2r_min": -0.37787367381636416, "PGCD_min": -0.2642196432907195, "ASNt2r_min": -0.24239601823051407, "PGCD_max": -0.23843961293998908, "NARK_max": -0.2229462169003656, "MCD_min": -0.20786387489888927, "CYSM_II_max": -0.1848257028143341, "PPCOAC_min": -0.17620414497018108, "PREPTHS2_min": -0.17147796927791983, "PPDIMAT_min": -0.17147796927791983, "FAS180_min": -0.16407117135668273, "FAS200_min": -0.16407117135668264, "PDIMAT_min": -0.1600954531423504, "FACOAL200_min": -0.1600954531423504, "PREPTHS_min": -0.1600954531423503, "Kabc_min": -0.15998620482044099, "Kabc_max": -0.14591814309217854, "CHORS_min": -0.11960147544651002, "CYSM_II_min": -0.11355284494299907, "VPAMTr_min": -0.07416167858941178, "FAS200_max": -0.060847265975426286, "DHFR_min": -0.05787331398047916, "TMDS_min": -0.05787280922985164, "ALAALAr_min": -0.049766028340929136, "G3PD1ir_min": -0.04565958979121923, "PHETA1_min": -0.04560176261550395, "MAN1PT2_min": -0.04277457423494433, "NADH5_max": -0.04166373542772706, "CYO1b_max": -0.040246984500057835, "PREPTHS2_max": -0.03682150992836041, "PPDIMAT_max": -0.03682150992836041, "FACOAL140_min": -0.03675967595324553, "NADH5_min": -0.03672721302983377, "FACOAL200_max": -0.03605371412898917, "PDIMAT_max": -0.036053714128989105, "PREPTHS_max": -0.036053714128989035, "MAN1PT_min": -0.024629478433935422, "KGD2_min": -0.021779655034221797, "TMDS_max": -0.01973270493122113, "ALAALAr_max": -0.016356817130264337, "TYRTA_min": -0.011184197085400917, "KGD2_max": -0.008999621035524904, "FAS160_min": -1.0133572543319994e-16, "FAD_7_min": -9.43674748914205e-17, "FAD_2_max": -6.044118948253553e-17, "FAD_7_max": -6.03959952181758e-17, "FAS260_min": -4.51592457564658e-17, "FAS80_L_min": -1.599885561657149e-17, "CHSTEROLt_max": -1.3471252380793071e-17, "NAGINSP_min": -9.166405332264807e-18, "ECHA192_max": -3.4157563763398004e-18, "FAS181_min": -2.1180762249412447e-18, "FAD_4_max": -1.9633288266010925e-18, "FAD_24_min": -1.6522539160729943e-18, "CHSTEROLt_min": -1.4105499734482223e-18, "FAD_25_max": -1.0874748752255157e-18, "FAD_4_min": -1.0098912017567433e-18, "FAD_22_max": -7.20286902793578e-19, "FAD_21_min": -7.040715337810075e-19, "ECHA191_max": -6.395726724179377e-19, "FAD_23_min": -2.443553182209038e-19, "FAS240_L_min": -9.070308287440227e-21, "FAD_5_max": -2.1016669822049807e-21, "FAS161_min": -1.6403735543408665e-21, "EMB_min": 0.0, "ACChex_min": 0.0, "FAD_6_min": 0.0, "FAD_20_min": 0.0, "FAD_20_max": 0.0, "FAD_26_max": 0.0, "FAD_26_min": 0.0, "FAD_6_max": 0.0, "TDPDRR_min": 0.0, "MYC1M1_min": 0.0, "CYO1b_min": 0.0, "CYSK2_I_max": 0.0, "CYSK2_I_min": 0.0, "DCPE_min": 0.0, "MYCSacp56_min": 0.0, "MYCSacp58_min": 0.0, "FBPA_min": 0.0, "DCPT_min": 0.0, "APRAUR_min": 0.0, "HEMEOS_min": 0.0, "DHFS_min": 0.0, "FAD_5_min": 1.3115475099709092e-20, "FAD_27_max": 1.1714426607762878e-19, "FAD_22_min": 1.2178305203506e-19, "FAD_25_min": 3.5508887434903547e-19, "ECHA192_min": 3.708787826259415e-19, "CIGAMS_min": 5.538828380062212e-19, "FAD_23_max": 7.457007789978777e-19, "FAD_27_min": 7.70186129339311e-19, "FAD_24_max": 1.6715724444356825e-18, "FAD_1_max": 2.000897947595236e-18, "FAD_2_min": 4.000182103480738e-18, "FAD_1_min": 5.8097760431007335e-18, "ECHA191_min": 9.464462523967304e-18, "FAD_21_max": 1.118273215177382e-17, "ACCC_min": 1.1677091531682256e-17, "FAD_3_max": 2.5765659936746516e-17, "MSHS_min": 4.081089786014254e-17, "FAD_3_min": 1.3094693863624815e-16, "OXCDC_min": 0.0012464022014040494, "FBPA_max": 0.004746929698915198, "MYCSacp56_max": 0.004747125992194669, "FACOALPREPH_min": 0.005376464624892441, "OXCDC_max": 0.010718878890290839, "FACOAL180_min": 0.010849107789419622, "ALAR_min": 0.011051405570344838, "NARK_min": 0.013964695077391755, "NADH10_max": 0.01600967742611276, "DHPPDA2_max": 0.01640530956473955, "HEMEOS_max": 0.01974429026421357, "MYC1M1_max": 0.019744365773685914, "MYCSacp50_max": 0.019744491869155445, "FAS240_L_max": 0.019744501971133588, "FAS260_max": 0.019744501971133824, "APRAUR_max": 0.019744502355678872, "ACChex_max": 0.01974450900985876, "ACCC_max": 0.019744509009858784, "DCPT_max": 0.01974451374654737, "DCPE_max": 0.01974451374654737, "CIGAMS_max": 0.019744522765187143, "MSHS_max": 0.019744522765187175, "NAGINSP_max": 0.01974452276518719, "MYC1M2_max": 0.0197445322987679, "MYCSacp58_max": 0.01974454711891801, "EMB_max": 0.019744612138808557, "TDPDRR_max": 0.019744612138808557, "DHFS_max": 0.019744960953596957, "NADH2r_max": 0.020709721710966668, "FAD_8_min": 0.0211626902017698, "FAS140_min": 0.021162690201769887, "FAS120_min": 0.0211626902017699, "FAS100_min": 0.0211626902017699, "FAD_17_min": 0.021170326625063005, "FAD_19_min": 0.02117032662506315, "FAD_15_min": 0.021170326625063178, "FAD_16_min": 0.021170326625063178, "FAD_18_min": 0.021170326625063178, "FAD_13_min": 0.02118917805216921, "FAD_12_min": 0.021189178052169223, "FAD_11_min": 0.02118917805216926, "FAD_14_min": 0.02126448195036645, "FAD_9_min": 0.021991782484336118, "FAD_10_min": 0.02199178248433614, "NADH9_max": 0.02200596494921635, "GXRA_max": 0.025298398770149225, "FAS180_max": 0.02656963972035392, "FAD_14_max": 0.02677845979530177, "FAS181_max": 0.027318295656117205, "FAD_8_max": 0.029193273750800393, "FAS120_max": 0.029838330261610084, "FAS100_max": 0.029838330261610084, "FAS140_max": 0.029838330261610174, "FAS161_max": 0.030057614587063117, "FACOAL161_max": 0.030078130122357653, "FAS160_max": 0.030153872463442824, "FAS80_L_max": 0.030269263314332738, "FAD_10_max": 0.03869898743907743, "FAD_9_max": 0.03869898743907747, "ALAD_L_max": 0.040188836526558996, "MAN1PT_max": 0.04039482878619826, "FAD_16_max": 0.042920060671216384, "FAD_18_max": 0.042920060671216384, "FAD_15_max": 0.042920060671216384, "FAD_17_max": 0.04292006067121641, "FAD_19_max": 0.042920060671216426, "FAD_11_max": 0.0434330121370135, "FAD_13_max": 0.043433012137013526, "FAD_12_max": 0.043433012137013526, "ALAD_L_min": 0.044895710243721285, "GXRA_min": 0.044895710243721285, "DHFR_max": 0.04601277036918748, "MAN1PT2_max": 0.048529733056757514, "CHORS_max": 0.051959864721330185, "ALAR_max": 0.057971880658486706, "G3PD1ir_max": 0.06558327864334931, "PHETA1_max": 0.07989375534378414, "NADH2r_min": 0.08060874433062183, "NADH9_min": 0.08103230556647943, "NADH10_min": 0.08103230556647968, "TYRTA_max": 0.0865305178787933, "CYST_II_max": 0.08680387076554388, "ACCOAC_max": 0.1061158202475043, "FACOAL161_min": 0.10684500823454218, "MCD_max": 0.1080996973399094, "NNAM_min": 0.11552204280573508, "ASNt2r_max": 0.11801726448654919, "ASPt2r_max": 0.11882572380195948, "VPAMTr_max": 0.11969083028301912, "CYST_II_min": 0.1453790178668154, "ACCOAC_min": 0.15313718144754307, "PPCOAC_max": 0.20444475050456612, "FACOAL140_max": 0.21915803556004912, "FACOAL180_max": 0.22179661391208857, "FACOALPREPH_max": 0.22394195862446772, "DHPPDA_max": 0.3130978703346148, "MCOATA_min": 0.3221663355303818, "DHPPDA2_min": 0.3422321723518191, "DHPPDA_min": 0.34394401081425213, "MCOATA_max": 0.34508959859308896, "CAT_max": 0.40313558145410633, "NNAM_max": 0.43677658667717856, "PYK_min": 0.5067692463413865, "PYK_max": 0.5434460565861231, "CAT_min": 0.6945417133477332}}