{"sampled_map_4": {"ADNCYC_min": -0.7256383054561341, "ADNCYC_max": -0.7039327284515725, "OXCDC_max": -0.6785752471875731, "OXCDC_min": -0.5465920635324852, "NARK_min": -0.4956403345491487, "ASPt2r_min": -0.4157097898000592, "PYK_max": -0.4066027684541279, "PYK_min": -0.3948665372142097, "FACOAL140_min": -0.38017512508786677, "ACCOAC_min": -0.36038629799802246, "Kabc_min": -0.29261820991621246, "Kabc_max": -0.2834457692011144, "ALAALAr_min": -0.28093377319699564, "FACOALPREPH_min": -0.2713086729386809, "PGCD_min": -0.2596326791570438, "FACOAL180_min": -0.25266642405029466, "PGCD_max": -0.23776923139657014, "CYSM_II_min": -0.2138207322300694, "NARK_max": -0.1913097950305362, "PREPTHS_min": -0.18429534747218498, "PDIMAT_min": -0.18429534747218487, "FACOAL200_min": -0.18429534747218487, "ASNt2r_min": -0.17965488051950504, "CYSM_II_max": -0.1780774898985224, "FACOAL161_max": -0.17699699079251194, "ALAALAr_max": -0.16678570873701135, "MAN1PT_min": -0.16355451263207824, "MAN1PT_max": -0.16355451263207824, "MAN1PT2_min": -0.16355451263207824, "FAD_8_max": -0.16172474297426315, "ALAR_min": -0.15864572882621464, "CHORS_min": -0.15141111285223294, "FACOAL161_min": -0.12553386838723604, "DHFR_max": -0.1203266370408834, "TMDS_max": -0.12032663704088338, "KGD2_min": -0.11590842275860636, "PREPTHS_max": -0.11550271221630075, "PDIMAT_max": -0.1155027122163007, "FACOAL200_max": -0.1155027122163007, "NADH5_min": -0.11298217138282372, "ASPt2r_max": -0.11298217138282371, "ASNt2r_max": -0.11298217138282358, "NNAM_min": -0.10416004070367796, "FACOAL180_max": -0.09839730249543517, "FACOAL140_max": -0.0983837631215446, "FACOALPREPH_max": -0.0979724234406586, "ACCOAC_max": -0.09759244144648181, "FAS200_min": -0.08923694970646628, "FAS180_min": -0.08923694970646627, "TMDS_min": -0.08389721077047048, "CYST_II_max": -0.07909292954831715, "CAT_min": -0.07908742921763068, "MCOATA_max": -0.07765274123150405, "CHORS_max": -0.07591277107079097, "FAD_10_max": -0.05302275165867711, "FAD_9_max": -0.05302275165867711, "G3PD1ir_min": -0.05230193354895215, "FAD_18_max": -0.04885057444100233, "FAD_15_max": -0.048850574441002305, "FAD_17_max": -0.048850574429135186, "FAD_16_max": -0.04885057442913516, "FAD_19_max": -0.04885057442913516, "FAD_11_max": -0.044938669554636344, "FAD_12_max": -0.044938669554636344, "FAD_13_max": -0.044938669554636344, "G3PD1ir_max": -0.04393115603906241, "CYST_II_min": -0.03679872800607861, "FAD_14_max": -0.036423983198970944, "MCD_max": -0.03175889076595754, "ALAD_L_max": -0.031014379624657685, "VPAMTr_min": -0.016150945239317073, "PPCOAC_min": -0.004041287216959635, "MCOATA_min": -0.0006912587259597532, "PPDIMAT_min": -0.0006912558187231209, "PREPTHS2_min": -0.0006912558187231209, "FAD_3_min": -1.9404688481444265e-16, "MYCSacp50_max": -1.0997200384403433e-16, "FAS160_max": -5.206204545141412e-17, "FAS260_min": -3.9009346273634376e-17, "MYCSacp50_min": -3.262393930447231e-17, "FAS260_max": -2.992173308583248e-17, "MSHS_max": -2.4118445222827103e-17, "FAD_7_min": -7.854929192032667e-18, "FAS240_L_min": 0.0, "MYC1M2_max": 0.0, "MYC1M1_min": 0.0, "MYC1M1_max": 0.0, "DCPT_min": 0.0, "DHFS_max": 0.0, "DHFS_min": 0.0, "MAN1PT2_max": 0.0, "ECHA191_max": 0.0, "MYC1M2_min": 0.0, "HEMEOS_max": 0.0, "GXRA_min": 0.0, "ECHA192_max": 0.0, "FBPA_min": 0.0, "FBPA_max": 0.0, "FAS80_L_min": 0.0, "FAS240_L_max": 0.0, "FAS80_L_max": 0.0, "KGD2_max": 0.0, "HEMEOS_min": 0.0, "ECHA191_min": 0.0, "MYCSacp56_max": 0.0, "ACCC_min": 0.0, "ACChex_max": 0.0, "TDPDRR_min": 0.0, "TDPDRR_max": 0.0, "ACChex_min": 0.0, "ALAD_L_min": 0.0, "APRAUR_max": 0.0, "APRAUR_min": 0.0, "PREPTHS2_max": 0.0, "PPDIMAT_max": 0.0, "CHSTEROLt_max": 0.0, "CHSTEROLt_min": 0.0, "CIGAMS_max": 0.0, "CIGAMS_min": 0.0, "CYO1b_min": 0.0, "CYSK2_I_max": 0.0, "CYSK2_I_min": 0.0, "DCPE_max": 0.0, "DCPE_min": 0.0, "NAGINSP_min": 0.0, "NAGINSP_max": 0.0, "DCPT_max": 0.0, "MYCSacp58_min": 0.0, "MYCSacp58_max": 0.0, "MYCSacp56_min": 0.0, "ECHA192_min": 0.0, "FAS200_max": 0.0, "ACCC_max": 0.0, "FAS181_max": 0.0, "FAD_22_min": 0.0, "FAD_6_max": 0.0, "FAD_5_min": 0.0, "FAD_5_max": 0.0, "FAD_4_min": 0.0, "FAD_4_max": 0.0, "FAD_23_max": 0.0, "FAD_2_min": 0.0, "FAD_2_max": 0.0, "FAD_27_min": 0.0, "FAD_27_max": 0.0, "FAD_26_min": 0.0, "FAS181_min": 0.0, "FAD_23_min": 0.0, "FAD_24_max": 0.0, "FAD_24_min": 0.0, "FAD_26_max": 0.0, "FAD_25_max": 0.0, "FAD_22_max": 0.0, "FAD_6_min": 0.0, "FAD_21_max": 0.0, "EMB_max": 0.0, "FAS161_min": 0.0, "FAS161_max": 0.0, "FAS120_max": 0.0, "FAD_21_min": 0.0, "FAD_1_max": 0.0, "FAD_1_min": 0.0, "FAS100_max": 0.0, "FAD_25_min": 0.0, "EMB_min": 0.0, "FAD_20_min": 0.0, "FAD_20_max": 0.0, "FAS140_max": 4.7332693700182334e-18, "MSHS_min": 5.983464433169409e-18, "FAD_7_max": 1.043864294081233e-16, "FAS180_max": 1.2786816975669198e-16, "FAD_3_max": 1.744492668226217e-16, "FAS160_min": 1.9884929183073353e-16, "NADH2r_max": 0.0007410383946084787, "NADH9_max": 0.005118875226979997, "DHFR_min": 0.008747690003162834, "PHETA1_min": 0.013959552851558532, "TYRTA_min": 0.014049839476644793, "ALAR_max": 0.017391396511306043, "PHETA1_max": 0.018607492595135694, "TYRTA_max": 0.018607492595135694, "NADH10_max": 0.020133769782378748, "MCD_min": 0.0560326489277907, "DHPPDA2_max": 0.06928824319848953, "GXRA_max": 0.10408877369289682, "NADH2r_min": 0.11368626589644008, "NADH9_min": 0.11372320977743215, "NADH10_min": 0.11372320977743217, "CYO1b_max": 0.11383088259804834, "VPAMTr_max": 0.14106682322271555, "NADH5_max": 0.14240797946117292, "FAS140_min": 0.15993650269389462, "FAS120_min": 0.15993650269389462, "FAS100_min": 0.15993650269389462, "FAD_8_min": 0.15993650269389462, "FAD_11_min": 0.15993650269389473, "FAD_16_min": 0.15993650269389473, "FAD_12_min": 0.15993650269389473, "FAD_13_min": 0.15993650269389473, "FAD_18_min": 0.15993650269389473, "FAD_15_min": 0.15993650269389473, "FAD_9_min": 0.15993650269389473, "FAD_10_min": 0.15993650269389473, "FAD_19_min": 0.15993650269389473, "FAD_14_min": 0.15993650269389473, "FAD_17_min": 0.1599365026938949, "DHPPDA_max": 0.20210847714268096, "DHPPDA_min": 0.20354033815296235, "DHPPDA2_min": 0.20354033815296235, "CAT_max": 0.3743652332081873, "PPCOAC_max": 0.4170093761966114, "NNAM_max": 0.4940229061256201}}