{"sampled_map_2": {"NNAM_min": -0.7489820833738218, "DHPPDA2_min": -0.31329009514100353, "DHPPDA_min": -0.3124923600958901, "TMDS_min": -0.2604873932730449, "DHFR_min": -0.25617402945482953, "FACOAL161_min": -0.24680673052085764, "CHORS_min": -0.22335108067504808, "ALAALAr_max": -0.19941089266364137, "PPCOAC_min": -0.19883846767133093, "FACOALPREPH_min": -0.1877167264610661, "FACOAL180_min": -0.18013166558218874, "KGD2_max": -0.16912039673364215, "KGD2_min": -0.15993475163139434, "CHORS_max": -0.14964867378353103, "FACOAL140_min": -0.13133040425251422, "MCOATA_max": -0.12847479299567485, "FACOAL180_max": -0.12024773925427037, "FACOAL140_max": -0.12018019396048585, "FACOALPREPH_max": -0.1201229984281328, "NNAM_max": -0.1176147498961372, "VPAMTr_min": -0.10703011878871652, "PYK_max": -0.07734100440805106, "TYRTA_max": -0.07159050949471937, "PHETA1_max": -0.06256164781723896, "VPAMTr_max": -0.05671799035872122, "CAT_min": -0.041562175366343025, "DHFR_max": -0.03995399609524843, "CYSM_II_min": -0.037663241298432425, "ALAALAr_min": -0.02892491474164979, "FACOAL161_max": -0.02489697464853055, "FAD_8_max": -0.02126706202340018, "CYST_II_min": -0.020718726324417517, "CYST_II_max": -0.017909479571169666, "ASNt2r_min": -0.009942220711818483, "ASPt2r_min": -0.00994222071181833, "FAD_3_max": -8.212955730449168e-17, "ASPt2r_max": -5.810576635772523e-17, "FAD_7_min": -4.557425471247622e-17, "FAS260_max": -3.386288928617556e-17, "FAS80_L_min": 0.0, "FAD_5_max": 0.0, "FAD_4_min": 0.0, "FAD_4_max": 0.0, "TDPDRR_max": 0.0, "TMDS_max": 0.0, "FAD_2_min": 0.0, "FAD_2_max": 0.0, "FAD_27_min": 0.0, "FAD_27_max": 0.0, "PREPTHS2_min": 0.0, "FAD_26_min": 0.0, "FAD_25_min": 0.0, "FAD_25_max": 0.0, "FAD_24_min": 0.0, "FAD_24_max": 0.0, "FAD_23_min": 0.0, "FAD_23_max": 0.0, "FAD_22_min": 0.0, "FAD_22_max": 0.0, "FAD_21_min": 0.0, "FAD_26_max": 0.0, "FBPA_max": 0.0, "PPDIMAT_min": 0.0, "FAD_6_max": 0.0, "FBPA_min": 0.0, "GXRA_min": 0.0, "FAD_21_max": 0.0, "FAS240_L_max": 0.0, "FAS181_min": 0.0, "HEMEOS_max": 0.0, "FAS161_min": 0.0, "MAN1PT2_max": 0.0, "FAS140_min": 0.0, "FAD_5_min": 0.0, "FAS120_min": 0.0, "MYC1M1_max": 0.0, "MYC1M2_max": 0.0, "FAD_6_min": 0.0, "MYCSacp56_max": 0.0, "MYCSacp58_max": 0.0, "NADH10_min": 0.0, "NAGINSP_max": 0.0, "PDIMAT_min": 0.0, "PGCD_max": 0.0, "FAS100_min": 0.0, "FAD_20_min": 0.0, "ACCC_max": 0.0, "FAD_1_min": 0.0, "ECHA192_min": 0.0, "ECHA192_max": 0.0, "ECHA191_min": 0.0, "ECHA191_max": 0.0, "DHFS_max": 0.0, "DCPT_max": 0.0, "DCPE_max": 0.0, "EMB_max": 0.0, "CYSK2_I_min": 0.0, "CIGAMS_max": 0.0, "CHSTEROLt_min": 0.0, "CHSTEROLt_max": 0.0, "ASNt2r_max": 0.0, "APRAUR_max": 0.0, "ALAD_L_min": 0.0, "ACChex_max": 0.0, "FAD_20_max": 0.0, "FACOAL200_min": 0.0, "CYSK2_I_max": 0.0, "FAD_1_max": 0.0, "FAS160_min": 6.590689184780572e-18, "PREPTHS_min": 1.0961894498401933e-17, "MSHS_max": 2.9007296735296945e-17, "NADH9_min": 3.6884248208315736e-17, "MYCSacp50_max": 4.7391947855607395e-17, "FAS180_min": 5.1024030607551743e-17, "FAD_7_max": 5.311720663263783e-17, "FAD_3_min": 1.1162293443995396e-16, "NADH2r_max": 0.0034151292361694224, "TDPDRR_min": 0.007309272039006759, "EMB_min": 0.007309272039006759, "HEMEOS_min": 0.007330027205255159, "MYC1M2_min": 0.007334116019677953, "NAGINSP_min": 0.007334669100332909, "CIGAMS_min": 0.007334669100332909, "MSHS_min": 0.00733466910033291, "FAS200_min": 0.007335751731580623, "ACChex_min": 0.007335961140804583, "ACCC_min": 0.007335961140804583, "DCPT_min": 0.007335980320769108, "DCPE_min": 0.007335980320769108, "G3PD1ir_min": 0.007336080118741018, "MYCSacp50_min": 0.0073361696999390946, "MYCSacp58_min": 0.007336169699939178, "MYCSacp56_min": 0.007336169699939178, "MCOATA_min": 0.007336183200737297, "ALAR_min": 0.007336287612401747, "FAS260_min": 0.007336298513133971, "FAS240_L_min": 0.0073362985131340515, "APRAUR_min": 0.007336449726234729, "MYC1M1_min": 0.007340631487489001, "DHFS_min": 0.007348454689307325, "NADH9_max": 0.009076717396349888, "NADH10_max": 0.009727887313844417, "NADH5_min": 0.009942220711818474, "ALAR_max": 0.014538722224206714, "CYSM_II_max": 0.01767215165230939, "MAN1PT_min": 0.020718726324417534, "MAN1PT_max": 0.020718726324417534, "MAN1PT2_min": 0.020718726324417534, "FAD_14_max": 0.056849050266362264, "FAD_13_max": 0.07346893929068375, "FAD_11_max": 0.07346893929068375, "FAD_12_max": 0.07346893929068375, "ADNCYC_max": 0.07437632614332856, "FAD_10_max": 0.07463218253863142, "FAD_9_max": 0.07463218253863142, "FAD_17_max": 0.07849037969412877, "FAD_16_max": 0.0784903796941288, "FAD_19_max": 0.0784903796941288, "FAD_18_max": 0.0784903796941288, "FAD_15_max": 0.07849037969412882, "PREPTHS_max": 0.08817115099439159, "PDIMAT_max": 0.08817115099439163, "FACOAL200_max": 0.08817115099439163, "CYO1b_max": 0.09319823607714127, "CYO1b_min": 0.09872588460794546, "MCD_min": 0.1225107472088088, "GXRA_max": 0.13238081108082564, "NADH2r_min": 0.13599808465446378, "TYRTA_min": 0.15006818895160765, "PHETA1_min": 0.15019411885992914, "PYK_min": 0.1517097465808216, "PPCOAC_max": 0.1581191375917053, "ALAD_L_max": 0.15864744742654177, "PGCD_min": 0.16259151966838525, "FAD_11_min": 0.17022197116503365, "FAD_12_min": 0.17022197116503365, "FAD_13_min": 0.17022197116503365, "FAD_19_min": 0.17022197116503365, "FAD_16_min": 0.17022197116503365, "FAD_15_min": 0.17022197116503365, "FAD_18_min": 0.17022197116503365, "FAD_9_min": 0.17022197116503368, "FAD_14_min": 0.17022197116503368, "FAD_10_min": 0.17022197116503368, "FAD_8_min": 0.1702219711650337, "FAD_17_min": 0.1702219711650338, "NARK_min": 0.19831494660994123, "NARK_max": 0.20275828353293784, "NADH5_max": 0.22194046419473767, "PPDIMAT_max": 0.22483150190089296, "PREPTHS2_max": 0.22483150190089296, "FAS200_max": 0.2510221187569338, "Kabc_max": 0.30572684023985225, "Kabc_min": 0.3079282263264776, "DHPPDA2_max": 0.3124923600958905, "DHPPDA_max": 0.3132900951410033, "OXCDC_min": 0.33619933394167306, "OXCDC_max": 0.3713581822454981, "FAS80_L_max": 0.372354000163735, "FAS160_max": 0.38546030077916094, "FAS180_max": 0.3926718527074099, "MCD_max": 0.3974312527573997, "FAS181_max": 0.3996670839713259, "FAS140_max": 0.40826430245473944, "FAS100_max": 0.40826430245473944, "FAS120_max": 0.40826430247492806, "CAT_max": 0.41923741303110984, "G3PD1ir_max": 0.42006357408070344, "ADNCYC_min": 0.4632384640632499, "FAS161_max": 0.6008190220129456, "ACCOAC_max": 0.6472482602158333, "ACCOAC_min": 0.7192038762152827}}