{"sampled_map_2": {"NNAM_min": -1.2917889026063196, "CAT_min": -0.370237000210837, "MCOATA_min": -0.3367374553260528, "G3PD1ir_max": -0.31426257108338235, "DHFS_min": -0.2440447198187859, "MYC1M1_min": -0.2440440513779282, "APRAUR_min": -0.2440436940740846, "FAS240_L_min": -0.24404368115392497, "FAS260_min": -0.24404368115392483, "MYCSacp50_min": -0.24404367014768952, "MYCSacp58_min": -0.24404367014768946, "MYCSacp56_min": -0.24404367014768946, "DCPE_min": -0.24404365396649189, "DCPT_min": -0.24404365396649189, "ACChex_min": -0.2440436523276909, "ACCC_min": -0.2440436523276909, "FAS200_min": -0.24404363443505755, "MSHS_min": -0.24404354193137756, "NAGINSP_min": -0.24404354193137726, "CIGAMS_min": -0.24404354193137726, "MYC1M2_min": -0.24404349467429273, "HEMEOS_min": -0.24404314531214152, "TDPDRR_min": -0.24404137192044717, "EMB_min": -0.24404137192044717, "KGD2_max": -0.23752268550795635, "MCOATA_max": -0.23687368163127978, "KGD2_min": -0.2356305050016801, "NNAM_max": -0.22644271138312924, "G3PD1ir_min": -0.2164798810001683, "CYO1b_max": -0.2120384195497469, "FAS180_min": -0.19185107275830982, "FAS160_min": -0.19185107275830965, "FAS181_min": -0.19185107275830948, "FAS80_L_min": -0.19185107275830948, "FAS161_min": -0.19185107275830948, "DHPPDA2_max": -0.18795788787306164, "CAT_max": -0.18477125978782302, "FAD_10_max": -0.17390679428303987, "FAD_9_max": -0.17390679428303987, "NARK_min": -0.16830224068237634, "FAS140_min": -0.16174544160766738, "FAS120_min": -0.16174544160766732, "FAS100_min": -0.16174544160766732, "DHFR_min": -0.15980341070758136, "TMDS_min": -0.1577638728747122, "FAD_19_max": -0.15439546747204982, "FAD_15_max": -0.15439546747204982, "FAD_16_max": -0.15439546747204982, "FAD_18_max": -0.15439546747204982, "FAD_17_max": -0.15439546747204952, "ALAR_max": -0.15316622652438913, "FAD_11_max": -0.15305713082575778, "FAD_13_max": -0.15305713082575778, "FAD_12_max": -0.15305713082575778, "FACOALPREPH_max": -0.15113360510549784, "FAD_14_max": -0.15001635439383637, "FACOAL180_max": -0.14975298166897313, "FACOAL140_max": -0.14922545051143035, "CYST_II_max": -0.14804674875553894, "PPCOAC_max": -0.14510918352673, "FACOAL161_min": -0.13511257228347184, "CYO1b_min": -0.11279342837222708, "MCD_max": -0.10410175386505383, "CHORS_min": -0.09665940070071317, "PREPTHS2_max": -0.09175851762142513, "PPDIMAT_max": -0.09175851762142513, "FACOAL161_max": -0.09016266948734254, "FAD_8_max": -0.08613118304355621, "FACOAL180_min": -0.08505712328225387, "FAS200_max": -0.0694728014280372, "PPCOAC_min": -0.054603396235497974, "FAS100_max": -0.054258027602655294, "FAS140_max": -0.05425802760105811, "FAS120_max": -0.054258027595142845, "PYK_min": -0.05408744540722734, "PDIMAT_max": -0.05101650598242838, "FACOAL200_max": -0.05101650598242838, "PREPTHS_max": -0.0510165059824283, "NARK_max": -0.047400693586594975, "FAS80_L_max": -0.044093940932057124, "CYST_II_min": -0.04348748339244199, "FAS160_max": -0.04205554923907203, "PYK_max": -0.04173118233058905, "MAN1PT2_min": -0.03610905265241116, "FACOALPREPH_min": -0.029607027168679884, "FAS181_max": -0.020600185120533944, "FAS180_max": -0.018467419831807805, "ADNCYC_min": -0.011522088179937953, "MYCSacp50_max": -2.052897129236456e-17, "PREPTHS_min": -1.706615139563001e-17, "NAGINSP_max": -1.1381320878164823e-17, "ECHA191_max": -2.1276851855690756e-26, "ECHA191_min": -1.3295196695525849e-27, "FAD_2_min": -8.952992760629068e-32, "FAD_4_min": 0.0, "FAD_5_max": 0.0, "FAD_5_min": 0.0, "FAD_6_max": 0.0, "GXRA_min": 0.0, "MYC1M2_max": 0.0, "FAS240_L_max": 0.0, "MYC1M1_max": 0.0, "FBPA_min": 0.0, "HEMEOS_max": 0.0, "FAD_6_min": 0.0, "ACCC_max": 0.0, "NADH10_min": 0.0, "FACOAL200_min": 0.0, "ECHA192_max": 0.0, "PDIMAT_min": 0.0, "DHFS_max": 0.0, "DCPT_max": 0.0, "DCPE_max": 0.0, "CYSK2_I_min": 0.0, "CYSK2_I_max": 0.0, "CIGAMS_max": 0.0, "ECHA192_min": 0.0, "CHSTEROLt_min": 0.0, "PPDIMAT_min": 0.0, "PREPTHS2_min": 0.0, "ASNt2r_max": 0.0, "APRAUR_max": 0.0, "ALAD_L_min": 0.0, "TDPDRR_max": 0.0, "ACChex_max": 0.0, "TMDS_max": 0.0, "CHSTEROLt_max": 0.0, "EMB_max": 0.0, "MAN1PT2_max": 0.0, "FAD_23_max": 0.0, "FAD_26_min": 0.0, "FAD_26_max": 0.0, "FAD_25_min": 0.0, "FAD_25_max": 0.0, "FAD_24_min": 0.0, "FAD_24_max": 0.0, "FAD_23_min": 0.0, "FAD_4_max": 0.0, "FAD_22_min": 0.0, "FAD_22_max": 0.0, "FAD_21_min": 0.0, "FAD_21_max": 0.0, "FAD_20_min": 0.0, "FAD_20_max": 0.0, "FAD_1_min": 0.0, "FAD_1_max": 0.0, "MYCSacp58_max": 0.0, "FAD_27_max": 0.0, "FAD_27_min": 0.0, "FAD_2_max": 2.72289599940886e-24, "NADH9_min": 2.2843273895843453e-17, "FAD_3_min": 6.432539097889866e-17, "FAD_3_max": 7.633470808861107e-17, "MSHS_max": 1.2249403214320917e-16, "ASPt2r_max": 2.0998952157632479e-16, "FAD_7_max": 2.3336238209893136e-16, "FAS260_max": 2.674957613964978e-16, "FAD_7_min": 4.032059943227921e-16, "MYCSacp56_max": 2.60216941937107e-05, "FBPA_max": 2.60216941937107e-05, "VPAMTr_min": 0.0009894192599023805, "MAN1PT_min": 0.0020698179989553952, "MAN1PT_max": 0.0020698179989553952, "FAS161_max": 0.004864846611358695, "FACOAL140_min": 0.016903988433963606, "MCD_min": 0.021530341604352816, "CHORS_max": 0.024605544356955313, "ALAR_min": 0.028279471954182463, "PGCD_min": 0.03479378093925596, "ACCOAC_max": 0.03516944421705806, "TYRTA_max": 0.037802140878814484, "PHETA1_max": 0.04026137564356056, "VPAMTr_max": 0.041660867729473604, "ASPt2r_min": 0.042063710008963674, "ASNt2r_min": 0.042065854414769684, "NADH5_max": 0.04820644283938481, "CYSM_II_min": 0.05777669631090113, "TYRTA_min": 0.05876828066513502, "PHETA1_min": 0.05909867764808429, "NADH5_min": 0.07021859715544056, "CYSM_II_max": 0.07406404177784014, "PGCD_max": 0.1149008552702331, "NADH2r_max": 0.11780943781193816, "FAD_10_min": 0.1186481092548603, "FAD_9_min": 0.1186481092548603, "FAD_14_min": 0.1231978304283448, "FAD_12_min": 0.12366890733024438, "FAD_11_min": 0.12366890733024438, "FAD_13_min": 0.12366890733024438, "FAD_16_min": 0.12378683926472318, "FAD_18_min": 0.12378683926472318, "FAD_19_min": 0.12378683926472318, "FAD_15_min": 0.12378683926472318, "FAD_17_min": 0.12378683926472334, "FAD_8_min": 0.12383460557831855, "ADNCYC_max": 0.12450352314062933, "ACCOAC_min": 0.12607751654226085, "ALAALAr_min": 0.12818794384094864, "ALAALAr_max": 0.13240629357874345, "DHFR_max": 0.14456514699786802, "NADH10_max": 0.15471760888053454, "NADH9_max": 0.15516606299227562, "GXRA_max": 0.16766382319433468, "ALAD_L_max": 0.17153841720452545, "Kabc_min": 0.17605993758666613, "DHPPDA_max": 0.21011779019438703, "NADH2r_min": 0.21651420598992643, "Kabc_max": 0.23647809686943994, "OXCDC_min": 0.24210705262652077, "OXCDC_max": 0.26435140116763955, "DHPPDA_min": 0.6103982165344405, "DHPPDA2_min": 0.6111232040961162}}