{"sampled_map_0": {"MCD_min": -0.3799565645440442, "ASPt2r_min": -0.35615935470412174, "PPCOAC_min": -0.3415939227222122, "PREPTHS2_min": -0.2811399739707089, "PPDIMAT_min": -0.2811399739707089, "FAS180_min": -0.23097815013409118, "FAS200_min": -0.23097815013409098, "ASNt2r_min": -0.21424739750396607, "CYST_II_min": -0.20537616158408173, "PDIMAT_min": -0.2040527790995999, "FACOAL200_min": -0.2040527790995999, "PREPTHS_min": -0.20405277909959982, "Kabc_min": -0.2019006573771141, "Kabc_max": -0.17155033114832127, "ALAALAr_min": -0.14165438439780248, "CYSM_II_max": -0.13518858095220002, "ALAALAr_max": -0.10749309077345409, "CYSM_II_min": -0.08344213840843652, "CHORS_min": -0.07533400113826084, "VPAMTr_min": -0.07226360366422271, "ADNCYC_max": -0.07173217093707364, "ALAD_L_min": -0.061914584003667485, "GXRA_min": -0.061914584003667485, "G3PD1ir_min": -0.05916218807874206, "MYCSacp56_max": -0.05537222680834185, "FBPA_max": -0.05537116702262043, "CYST_II_max": -0.054082008793937264, "FAD_8_min": -0.04681847183193414, "FAS100_min": -0.04681847183193395, "FAS120_min": -0.04681847183193395, "FAS140_min": -0.04681847183193384, "FAD_16_min": -0.04679397843049126, "FAD_18_min": -0.04679397843049126, "FAD_19_min": -0.04679397843049126, "FAD_15_min": -0.04679397843049126, "FAD_17_min": -0.0467939784304911, "FAD_11_min": -0.04673350516888548, "FAD_12_min": -0.04673350516888548, "FAD_13_min": -0.04673350516888548, "FAD_14_min": -0.0464919464504754, "FAD_9_min": -0.04415894289520829, "FAD_10_min": -0.04415894289520829, "DHPPDA2_max": -0.04369416145126277, "ADNCYC_min": -0.03475735411878866, "PHETA1_min": -0.027348078341712344, "MAN1PT2_min": -0.019622039401600185, "G3PD1ir_max": -0.016954285489468462, "CYO1b_max": -0.015133327380782319, "NARK_max": -0.013190560982882581, "MAN1PT_min": -0.0099300949277862, "TYRTA_min": -0.009683207688682341, "TMDS_max": -0.009019893439126073, "FAS200_max": -0.003130654730843566, "PGCD_min": -0.0031069590081224635, "FAD_3_min": -1.3786695551561227e-16, "NAGINSP_min": -8.840816343581258e-17, "MSHS_min": -6.058510557758089e-17, "FAS260_min": -1.899894137052432e-17, "FAD_2_max": -1.7260278618001e-19, "ECHA191_max": -1.8374346168614286e-24, "CHSTEROLt_min": -3.418056840134602e-31, "ACCC_min": -2.163159370462897e-31, "CHSTEROLt_max": -1.8856130126660583e-31, "FAD_25_min": -2.168256663734989e-32, "FAD_21_min": -1.0590778911690852e-32, "FAD_4_min": -5.156440465242268e-34, "ECHA192_max": -4.773057264638837e-34, "FAD_6_max": 0.0, "DCPE_min": 0.0, "FAS161_min": 0.0, "FAD_22_max": 0.0, "FAD_22_min": 0.0, "CYSK2_I_min": 0.0, "DCPT_min": 0.0, "FAD_26_max": 0.0, "FAS240_L_min": 0.0, "FAD_26_min": 0.0, "FAD_27_max": 0.0, "CYO1b_min": 0.0, "FAD_27_min": 0.0, "FBPA_min": 0.0, "FAD_20_min": 0.0, "FAD_5_max": 0.0, "FAD_5_min": 0.0, "FAD_6_min": 0.0, "FAD_20_max": 0.0, "CYSK2_I_max": 0.0, "HEMEOS_min": 0.0, "MYCSacp58_min": 0.0, "APRAUR_min": 0.0, "MYC1M1_min": 0.0, "EMB_min": 0.0, "ACChex_min": 0.0, "MYCSacp56_min": 0.0, "DHFS_min": 0.0, "TDPDRR_min": 0.0, "FAD_23_max": 2.2782263129421464e-37, "FAD_23_min": 5.022508677584519e-37, "FAS181_min": 1.845329963647559e-34, "FAD_4_max": 4.994080156906354e-34, "ECHA192_min": 1.192477060141924e-33, "CIGAMS_min": 2.466475035071298e-32, "FAD_24_min": 5.827959673066666e-32, "FAD_25_max": 1.6515598573566646e-31, "FAD_21_max": 2.0961156442121625e-31, "FAD_24_max": 2.6940501786594087e-31, "FAS80_L_min": 4.045980687662617e-31, "FAD_1_min": 2.5719721971251585e-27, "FAD_1_max": 4.1179679280888693e-26, "FAD_2_min": 1.2177589306709607e-22, "ECHA191_min": 1.6878677646541874e-22, "FAD_7_min": 3.365742137339642e-17, "FAD_3_max": 1.2417851343270787e-16, "FAD_7_max": 1.9713546604844312e-16, "FAS160_min": 2.2913857093353634e-16, "HEMEOS_max": 0.0005170484451964799, "EMB_max": 0.0005171557836771381, "TDPDRR_max": 0.0005171557836771381, "MYC1M1_max": 0.0005172185403923562, "MYC1M2_max": 0.0005176521038239346, "MYCSacp50_max": 0.0005176725423606936, "MSHS_max": 0.000517702503187007, "NAGINSP_max": 0.0005177025031871511, "CIGAMS_max": 0.0005177025031871527, "ACChex_max": 0.0005177562213698098, "ACCC_max": 0.0005177562213698098, "DCPE_max": 0.0005177850490819416, "DCPT_max": 0.0005177850490819416, "APRAUR_max": 0.0005177859701604465, "FAS240_L_max": 0.0005177870217041022, "FAS260_max": 0.0005177870217042127, "MYCSacp58_max": 0.0005178846835055163, "DHFS_max": 0.0005192345206775695, "MAN1PT2_max": 0.0035029973278576623, "PGCD_max": 0.00399965549679819, "MAN1PT_max": 0.009554568560802501, "TMDS_min": 0.012497915181049172, "DHFR_min": 0.012498055140640861, "PPCOAC_max": 0.018731277850974837, "NARK_min": 0.023876041975194783, "CHORS_max": 0.02900248785243121, "MYC1M2_min": 0.0377479159251162, "NNAM_min": 0.04424406828797437, "KGD2_min": 0.048239286235593454, "PREPTHS2_max": 0.048591691398290233, "PPDIMAT_max": 0.048591691398290233, "PREPTHS_max": 0.05114482719186152, "PDIMAT_max": 0.051144827191861794, "FACOAL200_max": 0.051144827191861794, "DHFR_max": 0.054938227077555024, "OXCDC_max": 0.060834444444965684, "ALAR_max": 0.06567707876576283, "ALAR_min": 0.070452805770754, "ALAD_L_max": 0.07143693623577926, "PHETA1_max": 0.07164499012276843, "TYRTA_max": 0.07342582261935938, "FACOAL180_max": 0.0801453089504352, "VPAMTr_max": 0.08232367931003477, "GXRA_max": 0.08255370286485128, "FACOAL140_max": 0.08302935070583442, "FACOALPREPH_max": 0.08342522265692719, "KGD2_max": 0.08798206353035178, "DHPPDA_max": 0.09113662987011031, "FAD_14_max": 0.09187895935319118, "DHPPDA2_min": 0.1012966649700703, "DHPPDA_min": 0.10196320642992811, "FACOAL140_min": 0.11010781762542106, "ASNt2r_max": 0.11536843244315377, "ASPt2r_max": 0.11570390372085333, "FACOALPREPH_min": 0.1171871703712125, "FAD_16_max": 0.12052309570231719, "FAD_19_max": 0.12052309570231719, "FAD_18_max": 0.12052309570231719, "FAD_15_max": 0.12052309570231719, "FAD_17_max": 0.12052309570231723, "OXCDC_min": 0.12427206998012626, "MYCSacp50_min": 0.12670367122977427, "MCD_max": 0.13270471018025584, "FAD_12_max": 0.13343073924098417, "FAD_13_max": 0.13343073924098417, "FAD_11_max": 0.13343073924098417, "NADH2r_min": 0.133492326735245, "FACOAL180_min": 0.13377785375328333, "NADH9_min": 0.13417501474236865, "NADH10_min": 0.13417501474236868, "ACCOAC_max": 0.14041709379650355, "FAD_10_max": 0.14114940009312588, "FAD_9_max": 0.14114940009312588, "FACOAL161_min": 0.1562279359916525, "NADH10_max": 0.1613676741811342, "NADH2r_max": 0.16809707143539698, "NADH9_max": 0.173530440351165, "FAD_8_max": 0.1785359031701084, "FACOAL161_max": 0.18012775662691302, "FAS180_max": 0.18441247467640534, "FAS181_max": 0.18600851820493788, "FAS140_max": 0.18952827333069328, "FAS120_max": 0.1895282733306933, "FAS100_max": 0.1895282733306933, "FAS160_max": 0.18974193786497834, "FAS161_max": 0.1899056348488063, "FAS80_L_max": 0.18994898393398382, "NADH5_min": 0.23168901370193593, "NADH5_max": 0.24593435126662352, "MCOATA_min": 0.2574203416181253, "ACCOAC_min": 0.2604627029282687, "PYK_min": 0.2994316086038684, "PYK_max": 0.3013476356245511, "MCOATA_max": 0.365848645817685, "NNAM_max": 0.40896762484226357, "CAT_max": 0.4252947078810935, "CAT_min": 0.5180464899011388}}