{"sampled_map_0": {"OXCDC_max": -0.47608902682149123, "DHPPDA2_min": -0.4723588788933615, "DHPPDA_min": -0.4723588788933615, "OXCDC_min": -0.4400288988430704, "DHPPDA_max": -0.34611224462040197, "TDPDRR_max": -0.321680433175267, "EMB_max": -0.321680433175267, "HEMEOS_max": -0.3216785857159566, "FAS260_max": -0.32167704803088426, "FAS240_L_max": -0.32167704803088415, "MYCSacp50_max": -0.3216770317384496, "DCPE_max": -0.3216770317384494, "DCPT_max": -0.3216770317384494, "ACCC_max": -0.3216770317384494, "MYC1M2_max": -0.3216770317384494, "ACChex_max": -0.3216770317384494, "APRAUR_max": -0.32167703173844936, "MYC1M1_max": -0.32167703173844936, "NAGINSP_max": -0.3216768419405196, "MSHS_max": -0.3216768419405196, "CIGAMS_max": -0.3216768419405196, "MYCSacp58_max": -0.32167675625719194, "DHFS_max": -0.3216708160714203, "PREPTHS_max": -0.31856276320384125, "PDIMAT_max": -0.31856276320384125, "FACOAL200_max": -0.31856276320384125, "PPDIMAT_max": -0.31856276320384114, "PREPTHS2_max": -0.31856276320384114, "FAS200_max": -0.3142949926417666, "PPCOAC_min": -0.2916781174666733, "MYCSacp50_min": -0.29121348753903303, "Kabc_min": -0.2754359826692317, "Kabc_max": -0.2723614391185836, "VPAMTr_max": -0.25536489950690894, "DHPPDA2_max": -0.252530388920626, "MYC1M2_min": -0.23465041487547264, "ALAALAr_min": -0.23250217418572577, "ALAALAr_max": -0.2149541167959455, "CYSM_II_min": -0.21117597882604758, "CYSM_II_max": -0.208742738248294, "FAS180_min": -0.1923974930584585, "PDIMAT_min": -0.19239749305845846, "FACOALPREPH_min": -0.19239749305845846, "FACOAL200_min": -0.19239749305845846, "FACOAL180_min": -0.19239749305845846, "FAS200_min": -0.19239749305845846, "FACOAL161_min": -0.19239749305845846, "FACOAL140_min": -0.19239749305845846, "PREPTHS_min": -0.1923974930584584, "TYRTA_max": -0.19062820676432754, "NADH9_min": -0.17915743742770815, "NADH10_min": -0.17915743742770815, "PHETA1_max": -0.1776716926097867, "NADH2r_min": -0.1773629969666155, "MCD_min": -0.16146795467557776, "NADH10_max": -0.15125023032607798, "NADH2r_max": -0.1499756475569821, "NADH9_max": -0.1467558741637421, "ASPt2r_min": -0.14547363745407768, "FBPA_max": -0.14511852930625743, "MYCSacp56_max": -0.14511175518139238, "KGD2_max": -0.14493312152738735, "KGD2_min": -0.12608398899715845, "G3PD1ir_min": -0.12322487778130087, "G3PD1ir_max": -0.12169735826302241, "ASNt2r_min": -0.08113327065352342, "VPAMTr_min": -0.06712920918931835, "ALAR_max": -0.04982282798331405, "TMDS_min": -0.04825324504139599, "DHFR_min": -0.04825324504139599, "ACCOAC_min": -0.04620916604782973, "PYK_max": -0.04222204273503354, "TYRTA_min": -0.019890402435328684, "ALAR_min": -0.014956527951827834, "GXRA_max": -0.010329470101554904, "FAD_3_max": -1.215006746191e-16, "FAS160_max": -1.1989652517317355e-16, "FAD_7_max": -7.385993642587143e-17, "FAD_7_min": -2.5985025136520937e-17, "MSHS_min": -1.542902427831422e-17, "CYSK2_I_min": 0.0, "CIGAMS_min": 0.0, "MYCSacp56_min": 0.0, "CYO1b_max": 0.0, "FAS100_max": 0.0, "FAD_6_min": 0.0, "CYO1b_min": 0.0, "FAS120_max": 0.0, "CYSK2_I_max": 0.0, "FAS140_max": 0.0, "FAS80_L_min": 0.0, "DCPE_min": 0.0, "FAS161_max": 0.0, "ECHA192_max": 0.0, "ECHA192_min": 0.0, "FBPA_min": 0.0, "EMB_min": 0.0, "HEMEOS_min": 0.0, "FAS80_L_max": 0.0, "MYC1M1_min": 0.0, "ECHA191_max": 0.0, "DHFS_min": 0.0, "DCPT_min": 0.0, "FAS181_min": 0.0, "FAS181_max": 0.0, "FAD_6_max": 0.0, "FAS161_min": 0.0, "FAS240_L_min": 0.0, "FAD_5_min": 0.0, "FAD_4_max": 0.0, "FAD_4_min": 0.0, "FAD_20_min": 0.0, "FAD_20_max": 0.0, "FAD_1_min": 0.0, "FAD_1_max": 0.0, "CHSTEROLt_min": 0.0, "CHSTEROLt_max": 0.0, "FAD_21_max": 0.0, "NAGINSP_min": 0.0, "APRAUR_min": 0.0, "PPDIMAT_min": 0.0, "PREPTHS2_min": 0.0, "ACChex_min": 0.0, "TDPDRR_min": 0.0, "ACCC_min": 0.0, "NARK_min": 0.0, "FAD_5_max": 0.0, "FAD_21_min": 0.0, "FAD_22_min": 0.0, "MYCSacp58_min": 0.0, "FAD_2_min": 0.0, "FAD_2_max": 0.0, "FAD_27_min": 0.0, "FAD_27_max": 0.0, "FAD_22_max": 0.0, "FAD_26_min": 0.0, "FAD_25_min": 0.0, "FAD_25_max": 0.0, "FAD_24_min": 0.0, "FAD_24_max": 0.0, "FAD_23_min": 0.0, "FAD_23_max": 0.0, "FAD_26_max": 0.0, "ECHA191_min": 0.0, "FAS260_min": 1.9137002252909485e-17, "FAD_8_max": 2.0088982121449236e-17, "FAD_3_min": 7.398577412831245e-17, "FAS180_max": 8.131291597483643e-17, "FAS160_min": 2.557192117131879e-16, "CHORS_max": 0.011236875028629066, "PHETA1_min": 0.015466041616463184, "CAT_max": 0.026919226209314272, "PYK_min": 0.027326366914294367, "NADH5_min": 0.029181789870726005, "ALAD_L_min": 0.04109157950343176, "GXRA_min": 0.04109157950343176, "ASNt2r_max": 0.05040295561257556, "ASPt2r_max": 0.050510927134054785, "PPCOAC_max": 0.05157198336215142, "FAD_15_min": 0.058858242005242103, "FAD_16_min": 0.058858242005242103, "FAD_19_min": 0.058858242005242103, "FAD_18_min": 0.058858242005242103, "FAD_17_min": 0.05885824200524213, "FAD_8_min": 0.058858244186675346, "FAD_12_min": 0.058858244186675374, "FAD_13_min": 0.058858244186675374, "FAD_11_min": 0.058858244186675374, "FAS120_min": 0.058858244186675374, "FAS140_min": 0.058858244186675374, "FAS100_min": 0.058858244186675374, "FAD_9_min": 0.05885824418667542, "FAD_10_min": 0.05885824418667542, "FAD_14_min": 0.058858245916626487, "ALAD_L_max": 0.062214471911837606, "MCD_max": 0.06660465074251111, "ACCOAC_max": 0.06837241844103997, "FACOAL140_max": 0.07800857607933605, "PGCD_max": 0.08097837432068485, "FACOAL180_max": 0.08579610533628437, "NARK_max": 0.08639136405072237, "PGCD_min": 0.08839542391578709, "FACOALPREPH_max": 0.08974442491888318, "CHORS_min": 0.09151055787985157, "MAN1PT2_min": 0.09826733396854292, "TMDS_max": 0.11736301386168554, "NADH5_max": 0.12718332496436677, "MAN1PT_min": 0.12745461059555896, "CAT_min": 0.1335203331580369, "FACOAL161_max": 0.19239749305845846, "NNAM_min": 0.19409203779578427, "DHFR_max": 0.19859917560326684, "MAN1PT2_max": 0.1988203084561167, "CYST_II_max": 0.2103847763554264, "MAN1PT_max": 0.2216909470499942, "FAD_19_max": 0.24019222106682658, "FAD_18_max": 0.24019222106682658, "FAD_15_max": 0.24019222106682658, "FAD_16_max": 0.24019222106682658, "FAD_17_max": 0.2401922210668266, "FAD_14_max": 0.24158242547854952, "FAD_13_max": 0.2421070205256653, "FAD_12_max": 0.2421070205256653, "FAD_11_max": 0.2421070205256653, "FAD_10_max": 0.2467494211266926, "FAD_9_max": 0.2467494211266926, "ADNCYC_max": 0.27819928648484504, "CYST_II_min": 0.27825155948184344, "ADNCYC_min": 0.2867991946892888, "MCOATA_min": 0.29264752782668246, "MCOATA_max": 0.31418243869652124, "NNAM_max": 0.3222845762005266}}