{"sampled_map_3": {"NNAM_min": -1.141087300916134, "DHPPDA_max": -0.6518755174544767, "DHPPDA2_max": -0.6508357259461799, "MCOATA_min": -0.44268701208356553, "ADNCYC_min": -0.3792912103488439, "CYSM_II_max": -0.2921175425379475, "ADNCYC_max": -0.2782752113214532, "MAN1PT2_max": -0.2530031736189347, "ALAD_L_max": -0.2247565373381063, "G3PD1ir_max": -0.1992393581643489, "FACOAL161_min": -0.17437896327643815, "ALAD_L_min": -0.15574114219750115, "GXRA_min": -0.15574114219750115, "NNAM_max": -0.14975865361618532, "TMDS_max": -0.14558867416925442, "CYO1b_max": -0.14406459448060613, "TMDS_min": -0.12685629362639442, "DHFR_min": -0.12685629362639364, "CHORS_min": -0.12495831533382078, "NADH10_max": -0.12491534363433937, "CYSM_II_min": -0.124726647876876, "GXRA_max": -0.11488530785329139, "FACOALPREPH_max": -0.09485753209657047, "PREPTHS2_min": -0.09457030594013895, "PPDIMAT_min": -0.09457030594013895, "FACOAL180_max": -0.09228753663922977, "FACOAL140_max": -0.09179608646616655, "MCOATA_max": -0.07963108416488487, "CYST_II_max": -0.07344573213997359, "FACOAL161_max": -0.07089694095946823, "Kabc_min": -0.07018999258534835, "FAD_8_max": -0.060265436964275935, "Kabc_max": -0.05664957144806232, "PYK_min": -0.0363595929581014, "KGD2_max": -0.03372328176912086, "PPDIMAT_max": -0.02418688284250372, "PREPTHS2_max": -0.02418688284250372, "MYCSacp50_min": -0.024035020312769363, "TYRTA_min": -0.02287338674168032, "PHETA1_min": -0.020946328717778087, "FAS100_min": -0.015926876711852157, "FAS120_min": -0.015926876711852157, "FAD_8_min": -0.015926876711852125, "FAS140_min": -0.01592687671185203, "FAD_17_min": -0.01586309444753165, "FAD_16_min": -0.015863094447531624, "FAD_18_min": -0.015863094447531624, "FAD_15_min": -0.015863094447531624, "FAD_19_min": -0.015863094447531593, "FAD_12_min": -0.01570563774152684, "FAD_11_min": -0.01570563774152684, "FAD_13_min": -0.01570563774152684, "ACCOAC_min": -0.015483425781703954, "FAD_14_min": -0.015076663631636969, "FAS180_max": -0.014889367553728109, "FAS161_max": -0.009705127524491377, "FAD_9_min": -0.009001908466657226, "FAD_10_min": -0.009001908466657207, "FAD_3_max": -1.2355782713713715e-16, "NAGINSP_max": -6.221568010462308e-17, "FAD_2_min": -5.957929836951689e-17, "FAS260_min": -3.6018169546669316e-17, "NAGINSP_min": -3.033909457284525e-17, "FAS160_min": -2.968198740968265e-17, "FAD_2_max": -2.2703894838825202e-17, "CHSTEROLt_min": -1.0375493508375559e-17, "CIGAMS_min": -6.407499683986378e-18, "FAD_25_max": -4.176860803119931e-18, "FAD_24_min": -3.0028097693126475e-18, "CHSTEROLt_max": -2.0190696053261972e-18, "ECHA192_max": -6.943332054862334e-19, "FAD_24_max": -2.0187824887110313e-19, "FAD_27_max": -1.2175891484457984e-19, "FAD_27_min": -4.215771113221284e-20, "FAD_4_min": -2.0397515261363985e-20, "FAD_5_min": -1.1357142444429983e-31, "FAD_5_max": -6.714134107527542e-32, "FAD_22_min": -6.461273601031294e-32, "FAS161_min": -1.382030033448444e-32, "FAS240_L_max": -8.150430473638385e-33, "DHFS_max": -1.0165787640894645e-37, "HEMEOS_max": 0.0, "HEMEOS_min": 0.0, "FBPA_min": 0.0, "FAD_6_min": 0.0, "FAD_6_max": 0.0, "FAD_26_max": 0.0, "FAD_26_min": 0.0, "MYC1M2_max": 0.0, "EMB_min": 0.0, "TDPDRR_max": 0.0, "APRAUR_max": 0.0, "APRAUR_min": 0.0, "ASNt2r_max": 0.0, "CYO1b_min": 0.0, "CYSK2_I_max": 0.0, "CYSK2_I_min": 0.0, "DCPE_max": 0.0, "DCPE_min": 0.0, "DCPT_max": 0.0, "DCPT_min": 0.0, "DHFS_min": 0.0, "EMB_max": 0.0, "TDPDRR_min": 0.0, "MYCSacp58_min": 0.0, "ACChex_min": 0.0, "MYC1M1_max": 0.0, "MYCSacp56_min": 0.0, "ACChex_max": 0.0, "FAD_20_max": 0.0, "MYCSacp58_max": 0.0, "FAD_20_min": 0.0, "MYC1M1_min": 0.0, "NADH2r_max": 1.6018963620392915e-36, "FAS240_L_min": 2.301845335464274e-33, "FAD_22_max": 6.487082708921916e-33, "FAD_23_max": 2.938938799879826e-20, "FAD_4_max": 8.584194500457841e-20, "FAD_23_min": 2.789660494818048e-19, "FAS181_min": 3.3722416129271267e-19, "ECHA192_min": 4.2412318297035193e-19, "CIGAMS_max": 7.688267073980852e-19, "FAS80_L_min": 1.4875829418595645e-18, "FAD_1_min": 1.762203062486409e-18, "FAD_21_max": 1.9159428313379803e-18, "FAD_7_max": 3.4536560722420342e-18, "ECHA191_min": 3.495001077541364e-18, "FAD_25_min": 5.2995436938213554e-18, "ACCC_min": 6.292499777099021e-18, "MSHS_min": 1.6334188609254056e-17, "FAD_7_min": 2.1358912045777668e-17, "FAD_21_min": 2.326314154666128e-17, "FAD_1_max": 2.5105021524433677e-17, "ACCC_max": 2.5814489726094915e-17, "MSHS_max": 3.231467430803996e-17, "FAS260_max": 4.028291200867791e-17, "ECHA191_max": 4.081111494910117e-17, "MYCSacp50_max": 5.613423229098255e-17, "FAD_3_min": 6.977176508846091e-17, "ASPt2r_max": 1.0300008643310806e-16, "NADH5_min": 2.8863012344487446e-16, "FACOAL200_max": 0.00040810358757262656, "PDIMAT_max": 0.00040810358757266646, "PREPTHS_max": 0.0004081035875726854, "FAS140_max": 0.0004519285668092571, "FAS120_max": 0.0004519285668092619, "FAS100_max": 0.0004519285668092619, "CYST_II_min": 0.011888223806714057, "FAS180_min": 0.0147972117660014, "FAS200_min": 0.01479721176600152, "MYC1M2_min": 0.023185351951197027, "TYRTA_max": 0.02341582674705484, "PHETA1_max": 0.02341582674705484, "FAS160_max": 0.02401973274003961, "CHORS_max": 0.024091715979533825, "FAS80_L_max": 0.025275410547804966, "NADH5_max": 0.025847791903665696, "FAS181_max": 0.028375247915355135, "KGD2_min": 0.0379279878767201, "ALAR_max": 0.03888557690585809, "NADH9_max": 0.04550231875685736, "FAS200_max": 0.04574544600645597, "NARK_max": 0.04674808925590539, "PGCD_max": 0.054658954576302, "VPAMTr_max": 0.0616352572743734, "ALAR_min": 0.06847161973224339, "PDIMAT_min": 0.07337809536201371, "FACOAL200_min": 0.07337809536201383, "PREPTHS_min": 0.07337809536201394, "MYCSacp56_max": 0.07679113434563288, "FBPA_max": 0.07679113434563288, "PGCD_min": 0.09155310993229905, "ALAALAr_max": 0.09906165557277324, "PYK_max": 0.10045327000047839, "FACOAL180_min": 0.1016149366296501, "DHFR_max": 0.10733851460501606, "FACOAL140_min": 0.10890573328217648, "FACOALPREPH_min": 0.11142150813375175, "NARK_min": 0.11829857097603648, "PPCOAC_max": 0.13977925876073335, "ALAALAr_min": 0.1413719444665778, "ACCOAC_max": 0.14187859407675704, "VPAMTr_min": 0.14358615599386174, "MCD_max": 0.14769174226567017, "MCD_min": 0.1507721651764676, "ASNt2r_min": 0.15138245890941546, "FAD_9_max": 0.15493678382180368, "FAD_10_max": 0.15493678382180373, "ASPt2r_min": 0.15687025845453614, "NADH2r_min": 0.18423097040302822, "NADH10_min": 0.18431921902605405, "NADH9_min": 0.1843192190260543, "OXCDC_min": 0.19673170554764643, "G3PD1ir_min": 0.20520621558368415, "FAD_11_max": 0.22192840692533733, "FAD_12_max": 0.22192840692533736, "FAD_13_max": 0.22192840692533736, "PPCOAC_min": 0.2276030363317524, "FAD_16_max": 0.24621841099702904, "FAD_17_max": 0.24621841100105302, "FAD_19_max": 0.2462184110010531, "FAD_18_max": 0.2462184110010531, "FAD_15_max": 0.2462184110010531, "MAN1PT_min": 0.25300317361893476, "MAN1PT2_min": 0.253983373555751, "MAN1PT_max": 0.26527370167673775, "FAD_14_max": 0.27318205794609407, "CAT_min": 0.4177960749498515, "OXCDC_max": 0.4591909815309273, "CAT_max": 0.5317979170506949, "DHPPDA_min": 0.6508357259461798, "DHPPDA2_min": 0.651875517454477}}