{"sampled_map_4": {"ASPt2r_min": -0.753789518037929, "DHPPDA_min": -0.5733253204453675, "DHPPDA2_min": -0.5733253204453675, "DHPPDA_max": -0.4632387077073026, "ASNt2r_min": -0.43153490327283506, "PGCD_min": -0.36834879829449135, "ALAALAr_max": -0.30214465744236857, "PGCD_max": -0.3013714121622604, "NARK_max": -0.2880671200668052, "OXCDC_min": -0.2862427462978125, "ALAALAr_min": -0.28033246243235715, "Kabc_min": -0.2586510500560938, "OXCDC_max": -0.2105295762707608, "CYST_II_max": -0.20354167406726698, "Kabc_max": -0.1862163547943751, "FACOAL140_min": -0.16643728942671251, "ACCOAC_min": -0.16626114487804816, "CYSM_II_max": -0.16010130310573129, "CYST_II_min": -0.15815474121203352, "CYSM_II_min": -0.13656411518444675, "FACOAL140_max": -0.10782571495164799, "FACOAL180_max": -0.10752557222791131, "FACOALPREPH_max": -0.10744735638573677, "ALAR_min": -0.10124890606029469, "CHORS_min": -0.10065858622258919, "NARK_min": -0.09006470130543004, "DHPPDA2_max": -0.0891153084897212, "FAS140_min": -0.08746680495993032, "FAS120_min": -0.08746680495993028, "FAS100_min": -0.08746680495993028, "FAD_8_min": -0.08746680495993028, "FAD_19_min": -0.08743690179742543, "FAD_15_min": -0.08743690179742537, "FAD_16_min": -0.08743690179742537, "FAD_18_min": -0.08743690179742537, "FAD_17_min": -0.08743690179742526, "FAD_11_min": -0.08736307659879863, "FAD_12_min": -0.08736307659879862, "FAD_13_min": -0.08736307659879862, "FAD_14_min": -0.08706817973814424, "FAD_10_min": -0.08422001889006817, "FAD_9_min": -0.08422001889006817, "FACOALPREPH_min": -0.08123140665590424, "FACOAL180_min": -0.07993201063673794, "TMDS_max": -0.0635691977426189, "DHFR_max": -0.06356919774261888, "NADH2r_max": -0.058271691614049145, "CHORS_max": -0.053464458328104564, "PDIMAT_min": -0.04953581914127378, "FACOAL200_min": -0.04953581914127372, "PREPTHS_min": -0.049535819141273696, "ALAR_max": -0.04932209028699288, "NADH10_max": -0.048875906308944866, "NADH9_max": -0.048617505701732004, "CYO1b_max": -0.039125590507796314, "ACCOAC_max": -0.03471823464300309, "MCD_max": -0.03324914918142329, "TMDS_min": -0.032724371136408956, "FAS180_min": -0.0314819455003914, "FAS200_min": -0.0314819455003913, "CYO1b_min": -0.030027208844764015, "ALAD_L_max": -0.025881515362167425, "NADH2r_min": -0.01912484220148441, "NADH10_min": -0.019049876403942838, "NADH9_min": -0.019049876403942703, "MCOATA_max": -0.016147088484458425, "FAS180_max": -0.010385691876811537, "FAS181_max": -0.009582170506503847, "DHFR_min": -0.006056410874364097, "GXRA_max": -0.0003201475382329615, "FAD_7_max": -1.2307218646346783e-16, "NAGINSP_min": -6.141009522377285e-17, "FAD_2_min": -5.431081532436303e-17, "MYCSacp50_min": -4.817514576501249e-17, "FAD_7_min": -3.644567902247319e-17, "FAS80_L_min": -2.047729887604584e-17, "ECHA191_max": -1.7865945383885442e-17, "CHSTEROLt_min": -1.421003808448642e-17, "FAS260_max": -8.123729628436063e-18, "FAD_1_max": -4.5956654333332856e-18, "CIGAMS_max": -2.4264807911391863e-18, "MSHS_max": -2.083036298470017e-18, "FAD_25_max": -8.84004348438047e-19, "FAD_3_min": -2.971468756854647e-19, "ACCC_max": -2.1330147922298588e-19, "ECHA192_min": -6.713098422442171e-22, "FAD_27_min": -5.768674395503956e-22, "FAD_4_min": -1.4087563468438693e-22, "FAD_23_max": -3.987258182727716e-23, "FAD_22_max": -8.71932107916606e-31, "FAD_22_min": -4.193719741879961e-31, "FAD_5_max": -4.7671248756429465e-32, "FAS240_L_max": -4.545135537625669e-32, "DHFS_max": -5.944492133594268e-35, "APRAUR_min": 0.0, "DHFS_min": 0.0, "HEMEOS_min": 0.0, "FBPA_min": 0.0, "GXRA_min": 0.0, "EMB_max": 0.0, "EMB_min": 0.0, "HEMEOS_max": 0.0, "MAN1PT2_max": 0.0, "CYSK2_I_min": 0.0, "MYCSacp58_max": 0.0, "DCPE_max": 0.0, "DCPT_min": 0.0, "DCPT_max": 0.0, "MYC1M1_max": 0.0, "MYC1M1_min": 0.0, "MYC1M2_max": 0.0, "MYC1M2_min": 0.0, "DCPE_min": 0.0, "MYCSacp56_max": 0.0, "MYCSacp56_min": 0.0, "CYSK2_I_max": 0.0, "APRAUR_max": 0.0, "MYCSacp58_min": 0.0, "FAD_26_max": 0.0, "FAD_20_max": 0.0, "FAD_20_min": 0.0, "ACChex_max": 0.0, "ACChex_min": 0.0, "TDPDRR_min": 0.0, "FAD_6_max": 0.0, "FAD_6_min": 0.0, "FAD_26_min": 0.0, "TDPDRR_max": 0.0, "FAS161_min": 7.029900669726564e-33, "FAS240_L_min": 1.2212262521574984e-32, "ALAD_L_min": 1.5523084453260478e-32, "FAD_5_min": 2.8975379284959946e-32, "FAD_27_max": 1.6958095943260104e-22, "FAS181_min": 2.1540764267251505e-22, "ECHA192_max": 4.408935315342398e-22, "FAD_23_min": 5.272532743400355e-22, "FAD_4_max": 7.419190858595839e-22, "FAD_24_max": 1.6151531441999857e-19, "FAD_24_min": 3.9328978076025714e-19, "FAD_25_min": 4.617133055766242e-19, "FAD_21_max": 1.743769394405689e-18, "CIGAMS_min": 1.9087335761951908e-18, "ACCC_min": 2.0360459872281953e-18, "MYCSacp50_max": 5.18029460304807e-18, "CHSTEROLt_max": 5.994880771696493e-18, "FAD_21_min": 1.1143977058219949e-17, "NAGINSP_max": 1.6023640566566888e-17, "ECHA191_min": 1.7033039654320604e-17, "FAD_3_max": 2.937703039162788e-17, "FAD_2_max": 3.481086275221927e-17, "FAS160_min": 4.320287873722376e-17, "FAD_1_min": 4.332743674407514e-17, "FAS260_min": 1.2575041849283208e-16, "MSHS_min": 1.4711155031737327e-16, "PYK_min": 0.0019248762864889923, "PREPTHS2_min": 0.002223703522227834, "PPDIMAT_min": 0.002223703522227834, "MCOATA_min": 0.0022237129589582584, "FAS80_L_max": 0.004227609669572182, "FAS120_max": 0.004248059118521195, "FAS100_max": 0.004248059118521195, "FAS140_max": 0.004248059118521238, "FAS160_max": 0.00428678979248298, "FAS161_max": 0.004291413413599165, "FACOAL161_max": 0.005569134050150501, "FAD_8_max": 0.013357032033351455, "FBPA_max": 0.015698804052301764, "PYK_max": 0.01969535510559693, "KGD2_min": 0.02657112495738129, "ASPt2r_max": 0.03203615635048301, "ASNt2r_max": 0.032036156350483014, "NADH5_min": 0.03254500576717976, "KGD2_max": 0.038410784459479416, "NADH5_max": 0.038463983436252853, "MAN1PT_min": 0.043817041704208116, "MAN1PT_max": 0.043817041704208116, "MAN1PT2_min": 0.043817041704208116, "VPAMTr_max": 0.049271213006314686, "VPAMTr_min": 0.05035440938919523, "TYRTA_min": 0.06055245424865788, "PHETA1_min": 0.060626207577025096, "FAS200_max": 0.06212360077079108, "TYRTA_max": 0.06268528132342129, "PHETA1_max": 0.06481870648726042, "FACOAL161_min": 0.07217492242524055, "G3PD1ir_max": 0.10360344635687245, "ADNCYC_min": 0.10519998594942588, "FAD_14_max": 0.10820262749428658, "FAD_10_max": 0.1317851767724743, "FAD_9_max": 0.13178517677247442, "ADNCYC_max": 0.1366761741581903, "FAD_11_max": 0.15659375715951515, "FAD_12_max": 0.1565937571595152, "FAD_13_max": 0.1565937571595152, "G3PD1ir_min": 0.16122097323430704, "NNAM_min": 0.1760932824180625, "CAT_max": 0.18038208228399186, "FAD_15_max": 0.1857584588473105, "FAD_18_max": 0.1857584588473105, "FAD_16_max": 0.18575845884814, "FAD_19_max": 0.18575845884814002, "FAD_17_max": 0.18575845884814016, "PDIMAT_max": 0.21004581445577822, "FACOAL200_max": 0.21004581445577833, "PREPTHS_max": 0.2100458144557784, "PPCOAC_min": 0.21572056049580848, "MCD_min": 0.3498074035522726, "PPCOAC_max": 0.3568968663306333, "CAT_min": 0.3583383636438261, "PPDIMAT_max": 0.41907509439103, "PREPTHS2_max": 0.41907509439103, "NNAM_max": 0.8891683912158725}}