{"sampled_map_1": {"CAT_max": -0.48367367001561795, "CAT_min": -0.39993745368210304, "DHPPDA2_max": -0.22302115418773594, "PPCOAC_max": -0.20574678017442044, "MCD_max": -0.18250030387874322, "CYSM_II_max": -0.1695255652865193, "NADH10_max": -0.1607962213105581, "ACCOAC_max": -0.14633158901822507, "PPCOAC_min": -0.12598161148271977, "PHETA1_min": -0.09388751833722153, "TYRTA_min": -0.09201532663870352, "CYSM_II_min": -0.08395334458629425, "NADH10_min": -0.07829781879237367, "NADH9_min": -0.07828045136175348, "FACOAL161_max": -0.0771633192558082, "FAD_8_max": -0.0725823322962107, "CHORS_min": -0.06737533147460963, "FAD_17_max": -0.06688794379137719, "FAD_19_max": -0.06688794379137718, "FAD_15_max": -0.06688794379137718, "FAD_18_max": -0.06688794379137718, "FAD_16_max": -0.06688794378232182, "FAD_9_max": -0.06686944126354429, "FAD_10_max": -0.06686944126354429, "TMDS_min": -0.06657887812984335, "FAD_12_max": -0.06607326043502969, "FAD_11_max": -0.06607326043502969, "FAD_13_max": -0.06607326043502969, "FAD_14_max": -0.06375351741764385, "NADH2r_min": -0.06035561578734514, "DHFR_min": -0.05557505165868215, "PGCD_min": -0.05146275076780877, "CYO1b_max": -0.04437795954922581, "GXRA_max": -0.043845108828603555, "ALAR_max": -0.03918265074570663, "MCOATA_max": -0.03821143582761833, "ADNCYC_min": -0.03631917417545557, "ALAD_L_max": -0.031909931571291225, "FBPA_max": -0.02812557911865789, "PPDIMAT_max": -0.025254596499319864, "PREPTHS2_max": -0.025254596499319864, "GXRA_min": -0.02416750777754242, "ALAD_L_min": -0.02416750777754242, "PDIMAT_max": -0.02332090384696183, "FACOAL200_max": -0.02332090384696183, "PREPTHS_max": -0.02332090384696182, "PGCD_max": -0.016547636380848503, "MCD_min": -0.01585924451984012, "G3PD1ir_min": -0.014028685738347375, "G3PD1ir_max": -0.011960958596378723, "FACOAL200_min": -0.011782548375311163, "PDIMAT_min": -0.011782548375311163, "PREPTHS_min": -0.01178254837531114, "DHFR_max": -0.011063602981023738, "TMDS_max": -0.011063602981023721, "ASNt2r_min": -0.007143978812355537, "ASPt2r_min": -0.005247560059059038, "ADNCYC_max": -0.0016702197145135, "FAD_7_min": -1.1656685175725397e-16, "FAS260_max": -1.0388161847610137e-16, "ASPt2r_max": -9.685052236984154e-17, "FAD_7_max": -9.372324945660982e-17, "Kabc_min": -1.036489579287334e-23, "ECHA191_max": -7.841808914932408e-29, "FAD_2_min": -8.349298539666082e-30, "ECHA191_min": -1.8490024357748617e-32, "FAD_24_max": 0.0, "FAD_23_min": 0.0, "FAD_23_max": 0.0, "FAD_22_min": 0.0, "ACCC_max": 0.0, "FAD_25_max": 0.0, "FAS240_L_max": 0.0, "FAD_6_min": 0.0, "FAD_6_max": 0.0, "FAD_5_min": 0.0, "FAD_5_max": 0.0, "FAD_4_min": 0.0, "FAD_24_min": 0.0, "FAD_4_max": 0.0, "FAD_22_max": 0.0, "FAD_27_min": 0.0, "FAD_27_max": 0.0, "FAD_26_min": 0.0, "FAD_26_max": 0.0, "FAD_25_min": 0.0, "FAS80_L_min": 0.0, "FAD_21_min": 0.0, "MYC1M2_max": 0.0, "FAD_20_min": 0.0, "ACChex_max": 0.0, "TDPDRR_max": 0.0, "APRAUR_max": 0.0, "ASNt2r_max": 0.0, "CHSTEROLt_max": 0.0, "CHSTEROLt_min": 0.0, "CIGAMS_max": 0.0, "CYO1b_min": 0.0, "CYSK2_I_max": 0.0, "CYSK2_I_min": 0.0, "DCPE_max": 0.0, "DCPT_max": 0.0, "DHFS_max": 0.0, "FAD_21_max": 0.0, "FAS161_min": 0.0, "ECHA192_min": 0.0, "EMB_max": 0.0, "NADH2r_max": 0.0, "MYCSacp58_max": 0.0, "FAS181_min": 0.0, "MYC1M1_max": 0.0, "MAN1PT2_max": 0.0, "HEMEOS_max": 0.0, "FBPA_min": 0.0, "FAD_1_max": 0.0, "FAD_1_min": 0.0, "FAD_20_max": 0.0, "ECHA192_max": 0.0, "FAD_2_max": 9.458452983956667e-27, "NAGINSP_max": 1.698293355977901e-19, "FAD_3_min": 1.0216043150101975e-17, "MYCSacp50_max": 1.0791711841350265e-17, "MSHS_max": 2.917932875045734e-17, "FAS160_min": 7.430160975174342e-17, "FAD_3_max": 8.988764007530032e-17, "ALAALAr_max": 0.0012524028539901491, "VPAMTr_max": 0.0033236400257503056, "Kabc_max": 0.003528541053303871, "VPAMTr_min": 0.004289957259031823, "ALAALAr_min": 0.007147542924544262, "FAS200_max": 0.00785162186835587, "FAS160_max": 0.008165823195499402, "FAS180_max": 0.00823784192234306, "FAS100_max": 0.008500248099263115, "FAS120_max": 0.008500248099263115, "FAS140_max": 0.00850024809926312, "FAS181_max": 0.008670173183715194, "FAS80_L_max": 0.008765329492439192, "FAS161_max": 0.009446755778486403, "FAS200_min": 0.013228633199843949, "MCOATA_min": 0.017151246426793575, "PHETA1_max": 0.018367838728222608, "TYRTA_max": 0.028315847395122714, "FAS180_min": 0.029330210014354645, "MYCSacp56_max": 0.03281659877070057, "ALAR_min": 0.03614524464604608, "ACCOAC_min": 0.03789761171488426, "FAD_9_min": 0.03804302731142491, "FAD_10_min": 0.03804302731142491, "FAD_14_min": 0.03917569075044199, "FAD_13_min": 0.03929296595044252, "FAD_12_min": 0.03929296595044252, "FAD_11_min": 0.03929296595044252, "FAD_15_min": 0.03932232482559901, "FAD_18_min": 0.03932232482559901, "FAD_19_min": 0.03932232482559901, "FAD_16_min": 0.03932232482559901, "FAD_17_min": 0.03932232482559906, "FAD_8_min": 0.039334216890945566, "FAS140_min": 0.03946212353212058, "FAS120_min": 0.03946212353212058, "FAS100_min": 0.03946212353212058, "FACOAL140_max": 0.04082880379267505, "FACOAL180_max": 0.04317410635589516, "FACOALPREPH_max": 0.0443042421496757, "PPDIMAT_min": 0.05429481224999871, "PREPTHS2_min": 0.05429481224999871, "PYK_max": 0.06427773819205478, "EMB_min": 0.06811549416705166, "TDPDRR_min": 0.06811549416705166, "ACChex_min": 0.0681183650212199, "ACCC_min": 0.0681183650212199, "FAS260_min": 0.06811841024899612, "FAS240_L_min": 0.0681184102489962, "DCPT_min": 0.06811841024899626, "CIGAMS_min": 0.06811841024899626, "DCPE_min": 0.06811841024899626, "NAGINSP_min": 0.06811841024899626, "MSHS_min": 0.06811841024899626, "MYCSacp58_min": 0.06811841024899626, "MYC1M1_min": 0.06811841024899629, "APRAUR_min": 0.06811847097533229, "MYCSacp56_min": 0.0681185756342246, "HEMEOS_min": 0.06811974238934788, "DHFS_min": 0.06812107470281709, "FACOAL161_min": 0.0741289556207948, "FACOALPREPH_min": 0.08030741047382937, "FACOAL140_min": 0.08144466576956369, "MAN1PT_min": 0.08219194120674296, "MAN1PT_max": 0.08219194120674296, "MAN1PT2_min": 0.08373507885923334, "FACOAL180_min": 0.08448553253251989, "CYST_II_max": 0.0961622001493006, "PYK_min": 0.09666136433415178, "CHORS_max": 0.10391173635277907, "MYCSacp50_min": 0.11394236842262698, "OXCDC_min": 0.11774101369912782, "CYST_II_min": 0.12792576745255999, "MYC1M2_min": 0.13575653775175398, "DHPPDA_max": 0.135938460005179, "NARK_min": 0.14633388994472324, "KGD2_min": 0.1634837511907327, "NARK_max": 0.1682329444043318, "KGD2_max": 0.1748382963919518, "NADH9_max": 0.22014545172871278, "DHPPDA_min": 0.22302115418773585, "DHPPDA2_min": 0.22302115418773585, "OXCDC_max": 0.22316892961449633, "NADH5_max": 0.22640994755355995, "NADH5_min": 0.27350049570076584, "NNAM_min": 0.3318957522593127, "NNAM_max": 1.1371820660199015}}