{"sampled_map_1": {"ACCOAC_max": -0.30980520812986945, "NARK_max": -0.2956843312030651, "NARK_min": -0.2825540880088346, "PPCOAC_max": -0.2752325266001776, "MCD_max": -0.2706071306994293, "PPCOAC_min": -0.2548485222989928, "MCD_min": -0.17758035320731322, "CAT_min": -0.16096788954625135, "OXCDC_min": -0.152756441427888, "OXCDC_max": -0.133694105357336, "CYSM_II_max": -0.1069012045821975, "ACCOAC_min": -0.08955870295311785, "MCOATA_max": -0.07328205183898584, "ALAALAr_max": -0.07089747991285017, "FACOAL140_min": -0.07029721060960885, "CHORS_max": -0.06205690082015105, "FACOALPREPH_min": -0.053011255320024556, "FACOAL180_min": -0.05220448865559737, "CAT_max": -0.049706006839066515, "ADNCYC_min": -0.042241208289161995, "FBPA_max": -0.042090082767755874, "CYSM_II_min": -0.03934119285356737, "ADNCYC_max": -0.03500332661191734, "ALAALAr_min": -0.03443374733278185, "FAD_14_min": -0.031240431289562824, "FAD_8_min": -0.031240431003762743, "FAD_10_min": -0.031240431003762652, "FAD_11_min": -0.031240431003762652, "FAD_12_min": -0.031240431003762652, "FAD_13_min": -0.031240431003762652, "FAD_9_min": -0.031240431003762652, "FAS100_min": -0.031240431003762652, "FAS120_min": -0.031240431003762652, "FAS140_min": -0.031240431003762642, "FAD_17_min": -0.03124043064337442, "FAD_16_min": -0.031240430643374405, "FAD_19_min": -0.031240430643374405, "FAD_18_min": -0.031240430643374405, "FAD_15_min": -0.031240430643374405, "NADH5_min": -0.028758192339254283, "FACOAL161_min": -0.024899196434804864, "MAN1PT_min": -0.022499545093920235, "MAN1PT_max": -0.022499545093920235, "MAN1PT2_min": -0.022499545093920235, "NNAM_min": -0.015479143128836269, "DHPPDA2_min": -0.011000757879355907, "DHPPDA_min": -0.011000757879355895, "ALAD_L_max": -0.008472105401756256, "FACOAL161_max": -0.007431217761695617, "NADH5_max": -0.003155836814401354, "FAD_8_max": -0.000908356537848985, "FAD_10_max": -0.0002897081891049031, "FAD_9_max": -0.0002897081891049031, "FAS260_min": -5.785515744309307e-17, "NAGINSP_max": -2.4910531010703374e-17, "MYCSacp50_max": -2.4001500702882305e-17, "FAS260_max": -2.2344120646808076e-17, "Kabc_min": -1.606542450615909e-17, "FAD_3_min": -1.2345062494992163e-17, "FAS180_max": -7.503705354687283e-18, "ECHA191_min": -5.3481177945272656e-18, "FAD_2_max": -4.815829527904924e-19, "FAD_1_max": -3.5644398782484206e-19, "MSHS_min": -5.010562596152303e-20, "FAS80_L_min": 0.0, "MYCSacp58_min": 0.0, "NADH2r_max": 0.0, "FAS100_max": 0.0, "PGCD_min": 0.0, "TDPDRR_max": 0.0, "TDPDRR_min": 0.0, "TMDS_max": 0.0, "FAD_6_min": 0.0, "FAD_6_max": 0.0, "FAD_5_min": 0.0, "FAD_5_max": 0.0, "FAD_4_min": 0.0, "FAD_4_max": 0.0, "FAS120_max": 0.0, "MYCSacp58_max": 0.0, "MYCSacp56_min": 0.0, "MYC1M2_max": 0.0, "FAS240_L_min": 0.0, "FBPA_min": 0.0, "G3PD1ir_max": 0.0, "G3PD1ir_min": 0.0, "FAS240_L_max": 0.0, "FAD_27_min": 0.0, "FAS181_min": 0.0, "FAS80_L_max": 0.0, "GXRA_min": 0.0, "HEMEOS_max": 0.0, "HEMEOS_min": 0.0, "MAN1PT2_max": 0.0, "FAS161_min": 0.0, "FAS161_max": 0.0, "MYC1M1_max": 0.0, "MYC1M1_min": 0.0, "FAS181_max": 0.0, "FAD_27_max": 0.0, "ACCC_max": 0.0, "FAD_26_max": 0.0, "ECHA192_min": 0.0, "ECHA192_max": 0.0, "DHFS_min": 0.0, "DHFS_max": 0.0, "DCPT_min": 0.0, "FAD_26_min": 0.0, "DCPE_min": 0.0, "DCPE_max": 0.0, "CYSK2_I_min": 0.0, "CYSK2_I_max": 0.0, "CYO1b_min": 0.0, "EMB_max": 0.0, "CYO1b_max": 0.0, "CIGAMS_max": 0.0, "CHSTEROLt_min": 0.0, "CHSTEROLt_max": 0.0, "ASNt2r_max": 0.0, "APRAUR_min": 0.0, "APRAUR_max": 0.0, "ALAR_min": 0.0, "ALAD_L_min": 0.0, "ACChex_min": 0.0, "ACChex_max": 0.0, "ACCC_min": 0.0, "CIGAMS_min": 0.0, "EMB_min": 0.0, "DCPT_max": 0.0, "FAD_24_min": 0.0, "FAD_21_min": 0.0, "FAD_24_max": 0.0, "FAD_21_max": 0.0, "FAD_22_max": 0.0, "FAD_23_min": 0.0, "FAD_22_min": 0.0, "FAD_23_max": 0.0, "FAD_25_min": 0.0, "FAD_1_min": 0.0, "FAD_20_max": 0.0, "FAD_20_min": 0.0, "FAD_25_max": 0.0, "DHFR_max": 4.4596817242197083e-20, "FAD_2_min": 7.506109862865563e-19, "ASPt2r_max": 1.7629671593677975e-18, "NAGINSP_min": 2.3944789908090164e-18, "ECHA191_max": 3.105840254693344e-18, "FAS140_max": 3.476584283631868e-18, "FAD_7_max": 7.130985504957316e-18, "FAD_3_max": 2.7388716310960665e-17, "MSHS_max": 3.4763597942123765e-17, "FAD_7_min": 3.5820638036192145e-17, "FAS160_max": 4.47236832651669e-17, "FAS160_min": 8.940686568201988e-17, "FAD_11_max": 0.000922323520395215, "FAD_12_max": 0.000922323520395215, "FAD_13_max": 0.000922323520395215, "Kabc_max": 0.001302279566335922, "FAD_16_max": 0.0017096108799075436, "FAD_17_max": 0.0017096108823279439, "FAD_15_max": 0.0017096108823279775, "FAD_18_max": 0.0017096108823279775, "FAD_19_max": 0.0017096108823279775, "FAD_14_max": 0.0024660430783542495, "TMDS_min": 0.007717741814638158, "DHPPDA_max": 0.0110007578793559, "DHPPDA2_max": 0.011000757879355904, "CHORS_min": 0.0184647670461189, "ALAR_max": 0.018910452423309562, "PPDIMAT_max": 0.025951230459500606, "PREPTHS2_max": 0.025951230459500606, "ASPt2r_min": 0.026170187857226884, "ASNt2r_min": 0.02780056737528492, "GXRA_max": 0.0289628293838424, "NADH10_max": 0.04751350789249185, "DHFR_min": 0.05080777935661883, "MCOATA_min": 0.050886690735063037, "PPDIMAT_min": 0.05088669136139248, "PREPTHS2_min": 0.05088669136139248, "VPAMTr_min": 0.05264661295052043, "FACOAL180_max": 0.05313976820845162, "FACOAL140_max": 0.05570485252149975, "FACOALPREPH_max": 0.05589525806072438, "NADH2r_min": 0.060460965002222665, "PYK_max": 0.06147900076808855, "PYK_min": 0.06725323169120913, "MYCSacp56_max": 0.07014055666977564, "FACOAL200_max": 0.07386863115145033, "PREPTHS_max": 0.07386863115145033, "PDIMAT_max": 0.07386863115145033, "KGD2_min": 0.07597218526223995, "FAS200_max": 0.07996474291990131, "KGD2_max": 0.08518051839417914, "NADH9_min": 0.09155846298361467, "NADH10_min": 0.09158852735894857, "FAS200_min": 0.10013497010245156, "FAS180_min": 0.10013497010245159, "PHETA1_min": 0.10062121324646926, "TYRTA_min": 0.10132667263286903, "PHETA1_max": 0.10323984384139348, "TYRTA_max": 0.10323984384139352, "VPAMTr_max": 0.10323984384139352, "NADH9_max": 0.12321818142937586, "FACOAL200_min": 0.1265700181774744, "PDIMAT_min": 0.1265700181774744, "PREPTHS_min": 0.12657001817747446, "PGCD_max": 0.1271964835960727, "MYC1M2_min": 0.1928090319054643, "CYST_II_max": 0.20481145474610046, "CYST_II_min": 0.20684366821749503, "MYCSacp50_min": 0.21276949361078717, "NNAM_max": 0.422224888870958}}