{"sampled_map_1": {"KGD2_max": -0.604510440408447, "KGD2_min": -0.6012806257365777, "PPCOAC_max": -0.3796831132264893, "TMDS_min": -0.3430661880294385, "NADH10_max": -0.33759418622989606, "NADH9_max": -0.33736559903917535, "PPCOAC_min": -0.3300290177224526, "FACOAL180_min": -0.2949725545456402, "FACOAL161_min": -0.2949725545456402, "FACOAL140_min": -0.2949725545456402, "FACOALPREPH_min": -0.2949725545456402, "FAD_14_min": -0.2764330364053495, "FAD_10_min": -0.2764330356650306, "FAD_9_min": -0.2764330356650306, "FAS100_min": -0.27643303566503036, "FAD_8_min": -0.27643303566503036, "FAD_13_min": -0.27643303566503036, "FAS140_min": -0.27643303566503036, "FAD_11_min": -0.27643303566503036, "FAS120_min": -0.27643303566503036, "FAD_12_min": -0.27643303566503036, "FAD_17_min": -0.2764330347315033, "FAD_18_min": -0.2764330347315033, "FAD_19_min": -0.2764330347315033, "FAD_15_min": -0.2764330347315033, "FAD_16_min": -0.2764330347315033, "PYK_max": -0.2736692703374683, "FBPA_max": -0.21333345088475064, "DHFR_min": -0.15829829923655622, "FACOAL200_min": -0.15058953326447375, "PREPTHS_min": -0.15058953326447375, "PDIMAT_min": -0.15058953326447375, "PYK_min": -0.14152905518015388, "ALAR_max": -0.13838341198921847, "MCOATA_max": -0.0944716701810483, "CAT_min": -0.08646932697063092, "CHORS_min": -0.06843024749589145, "CHORS_max": -0.047731744298114144, "FAS200_min": -0.04121463220073287, "FAS180_min": -0.041214632200732786, "CAT_max": -0.03824723088510817, "MCD_min": -0.014591112626528164, "FAS160_min": -2.664880825109886e-16, "NADH5_max": -2.4194672097284015e-16, "ASPt2r_max": -2.5476126141052526e-17, "FAD_3_min": -2.1266743491474192e-17, "FAS160_max": -9.886520293581057e-18, "NADH5_min": -6.701385468739592e-18, "FAD_2_min": 0.0, "FAS140_max": 0.0, "FAD_2_max": 0.0, "FAD_27_min": 0.0, "FAS120_max": 0.0, "FAD_4_max": 0.0, "FAS100_max": 0.0, "FAD_4_min": 0.0, "FAD_5_max": 0.0, "FAD_27_max": 0.0, "FAD_5_min": 0.0, "FAD_26_min": 0.0, "FAD_6_min": 0.0, "FAD_6_max": 0.0, "FAS80_L_max": 0.0, "FAS161_min": 0.0, "TDPDRR_min": 0.0, "TDPDRR_max": 0.0, "NAGINSP_min": 0.0, "NAGINSP_max": 0.0, "NADH2r_max": 0.0, "MYCSacp58_min": 0.0, "MYCSacp58_max": 0.0, "MYCSacp56_min": 0.0, "MYCSacp50_max": 0.0, "MYC1M2_max": 0.0, "MYC1M1_min": 0.0, "MYC1M1_max": 0.0, "MSHS_min": 0.0, "MSHS_max": 0.0, "MCD_max": 0.0, "MAN1PT2_max": 0.0, "Kabc_min": 0.0, "FAS181_max": 0.0, "FAS181_min": 0.0, "FAS240_L_max": 0.0, "FAS240_L_min": 0.0, "FAS260_max": 0.0, "FAS260_min": 0.0, "FAS161_max": 0.0, "FAD_26_max": 0.0, "FBPA_min": 0.0, "G3PD1ir_max": 0.0, "G3PD1ir_min": 0.0, "GXRA_min": 0.0, "HEMEOS_max": 0.0, "HEMEOS_min": 0.0, "FAS80_L_min": 0.0, "FAD_25_min": 0.0, "ACCC_max": 0.0, "FAD_24_min": 0.0, "CYSK2_I_max": 0.0, "ASNt2r_max": 0.0, "CHSTEROLt_max": 0.0, "EMB_min": 0.0, "EMB_max": 0.0, "ECHA192_min": 0.0, "ECHA192_max": 0.0, "ECHA191_min": 0.0, "ECHA191_max": 0.0, "DHPPDA_min": 0.0, "DHPPDA_max": 0.0, "DHPPDA2_min": 0.0, "APRAUR_max": 0.0, "DHPPDA2_max": 0.0, "DHFS_max": 0.0, "DCPT_min": 0.0, "DCPT_max": 0.0, "DCPE_min": 0.0, "DCPE_max": 0.0, "CHSTEROLt_min": 0.0, "FAD_25_max": 0.0, "CIGAMS_max": 0.0, "CIGAMS_min": 0.0, "CYSM_II_min": 0.0, "CYO1b_max": 0.0, "CYSK2_I_min": 0.0, "DHFS_min": 0.0, "ALAR_min": 0.0, "APRAUR_min": 0.0, "FAD_1_min": 0.0, "FAD_24_max": 0.0, "FAD_23_min": 0.0, "FAD_23_max": 0.0, "FAD_22_min": 0.0, "FAD_22_max": 0.0, "FAD_21_min": 0.0, "FAD_21_max": 0.0, "FAD_20_min": 0.0, "FAD_20_max": 0.0, "ALAD_L_min": 0.0, "FAD_1_max": 0.0, "CYO1b_min": 0.0, "ACChex_min": 0.0, "ACCC_min": 0.0, "ACChex_max": 0.0, "FAD_7_max": 1.272654935119183e-17, "FAD_3_max": 6.127662426337842e-17, "FAS180_max": 6.642280803971963e-17, "FAD_7_min": 2.2457296028698886e-16, "PGCD_min": 0.013373703524768393, "CYSM_II_max": 0.013373703524768429, "PGCD_max": 0.025376427887626028, "GXRA_max": 0.0325671059244593, "ALAD_L_max": 0.0325671059244593, "MYCSacp56_max": 0.038593749738142724, "DHFR_max": 0.05898017070628396, "TMDS_max": 0.05898017070628396, "Kabc_max": 0.06407097335222921, "OXCDC_max": 0.0875522995462042, "TYRTA_min": 0.09706181691762784, "PHETA1_min": 0.09707908092191936, "VPAMTr_max": 0.09978966225107572, "PHETA1_max": 0.09978966225107572, "TYRTA_max": 0.09978966225107574, "VPAMTr_min": 0.12069158805889348, "NADH9_min": 0.1274077934774838, "NADH10_min": 0.1274077934774838, "NADH2r_min": 0.1274077934774838, "ALAALAr_min": 0.15829829923655622, "MAN1PT_max": 0.15829829923655625, "MAN1PT_min": 0.15829829923655625, "MAN1PT2_min": 0.15829829923655625, "MCOATA_min": 0.1625498255827073, "PREPTHS2_min": 0.16254983327173728, "PPDIMAT_min": 0.16254983327173728, "ALAALAr_max": 0.19074734076117306, "OXCDC_min": 0.2135194015592542, "FACOAL161_max": 0.22260211708798244, "NNAM_min": 0.24010188461037396, "ASPt2r_min": 0.24332769967996956, "ASNt2r_min": 0.24359025672179324, "FAD_8_max": 0.2569990474990792, "FAD_9_max": 0.2941337193806067, "FAD_10_max": 0.2941337193806067, "FAD_19_max": 0.303049852514116, "FAD_18_max": 0.303049852514116, "FAD_17_max": 0.303049852514116, "FAD_16_max": 0.303049852514116, "FAD_15_max": 0.303049852514116, "FAD_14_max": 0.30507405520878383, "FAD_12_max": 0.30605739291773554, "FAD_13_max": 0.30605739291773554, "FAD_11_max": 0.30605739291773554, "NARK_min": 0.31008885602139075, "CYST_II_max": 0.34008414432631145, "CYST_II_min": 0.34017049134736704, "ACCOAC_min": 0.35739793661909675, "FACOAL180_max": 0.35756762343432424, "FACOALPREPH_max": 0.359088074965808, "ACCOAC_max": 0.38013128850120215, "FACOAL140_max": 0.38938078876745463, "FACOAL200_max": 0.38965575659328433, "PDIMAT_max": 0.38965575659328433, "PREPTHS_max": 0.38965575659328433, "PREPTHS2_max": 0.39884538467097225, "PPDIMAT_max": 0.39884538467097225, "FAS200_max": 0.3988453846709724, "ADNCYC_min": 0.4039495922678447, "ADNCYC_max": 0.40449214741468037, "MYC1M2_min": 0.4330075406693261, "MYCSacp50_min": 0.47855390333658543, "NARK_max": 0.5288360056024359, "NNAM_max": 0.6481694153137835}}