{"sampled_map_0": {"ADNCYC_min": -0.3710507047006524, "PYK_max": -0.36708408185420954, "PPDIMAT_max": -0.3622616488725242, "PREPTHS2_max": -0.3622616488725242, "FAS200_max": -0.3607311074212267, "FACOAL200_max": -0.3605624845564955, "PDIMAT_max": -0.3605624845564955, "PREPTHS_max": -0.3605624845564955, "FAD_15_max": -0.3463836916533299, "FAD_17_max": -0.3463836916533299, "FAD_18_max": -0.3463836916533299, "FAD_19_max": -0.3463836916533299, "FAD_16_max": -0.3463836916533299, "ADNCYC_max": -0.3439735521741269, "FAD_13_max": -0.3389112933061791, "FAD_12_max": -0.3389112933061791, "FAD_11_max": -0.3389112933061791, "FACOALPREPH_min": -0.33769012785516966, "FAD_14_max": -0.33457295524286235, "PPCOAC_min": -0.33040137995938845, "MCD_max": -0.3283054487412641, "PPCOAC_max": -0.3282815242170353, "FAS181_max": -0.32015728586680564, "FAD_9_max": -0.3099222860438493, "FAD_10_max": -0.3099222860438493, "FACOAL180_min": -0.30193323429475616, "FAS160_max": -0.3019047074139117, "MCD_min": -0.30007979687492653, "KGD2_max": -0.2944110403162352, "FACOAL140_min": -0.29014251487365456, "FAS80_L_max": -0.28880427833080347, "ACCOAC_max": -0.2869684140545007, "ACCOAC_min": -0.2765115301474912, "FAS100_max": -0.2736223115028453, "FAS120_max": -0.2736223115028453, "FAS140_max": -0.2736223115028453, "PYK_min": -0.2613182923517836, "FACOAL140_max": -0.2598989556619779, "FACOAL180_max": -0.25989204060850035, "FACOALPREPH_max": -0.25979562509833964, "KGD2_min": -0.2554589263786898, "FAS180_max": -0.2554020567447042, "ALAALAr_min": -0.24811383065726716, "FAS161_max": -0.24254891299634895, "FACOAL161_max": -0.23372196773262055, "FAD_8_max": -0.23122715445978748, "MCOATA_min": -0.1967623306037846, "PPDIMAT_min": -0.1967623306037846, "PREPTHS2_min": -0.1967623306037846, "ALAALAr_max": -0.1922853287364325, "FACOAL161_min": -0.18813891441311256, "PDIMAT_min": -0.17031206271962093, "FACOAL200_min": -0.17031206271962093, "PREPTHS_min": -0.17031206271962093, "FAD_8_min": -0.15104617050608055, "FAD_14_min": -0.15103338720860746, "FAD_16_min": -0.15103272347682223, "FAD_18_min": -0.15103272347682223, "FAD_17_min": -0.15103272347682223, "FAD_15_min": -0.15103272347682223, "FAD_19_min": -0.15103272347682223, "FAD_11_min": -0.15088340003458253, "FAD_12_min": -0.15088340003458253, "FAD_13_min": -0.15088340003458253, "FAD_10_min": -0.1505219758786675, "FAD_9_min": -0.1505219758786675, "MAN1PT_max": -0.1444063500957422, "MAN1PT_min": -0.14440635009574218, "MAN1PT2_max": -0.14440635009574218, "PHETA1_max": -0.14440635009574218, "TYRTA_max": -0.14440635009574218, "MAN1PT2_min": -0.14440635009574213, "TYRTA_min": -0.1439770911751962, "PHETA1_min": -0.14394843584315312, "VPAMTr_min": -0.1435180407655432, "VPAMTr_max": -0.12986548985440288, "ASNt2r_max": -0.06863750427407105, "ASPt2r_max": -0.06863750427407105, "NNAM_max": -0.06850687494716719, "DHPPDA_max": -0.059130793390074404, "DHPPDA2_max": -0.059130793390074404, "NADH2r_min": -0.014268136105101126, "TMDS_max": -0.00021614155033707267, "ECHA192_max": -8.692341490119646e-17, "FAD_24_max": -2.1306022611131784e-17, "FAD_24_min": -2.0238598472310527e-17, "CHSTEROLt_min": -1.649333069650629e-17, "MYC1M1_min": 0.0, "FAS181_min": 0.0, "FAS180_min": 0.0, "MYC1M2_max": 0.0, "MYC1M2_min": 0.0, "FAS200_min": 0.0, "FAS160_min": 0.0, "MYCSacp50_max": 0.0, "MYCSacp50_min": 0.0, "MYCSacp56_max": 0.0, "MYCSacp56_min": 0.0, "MYCSacp58_max": 0.0, "FAS140_min": 0.0, "FAS161_min": 0.0, "FAS240_L_max": 0.0, "FAS260_min": 0.0, "FAS260_max": 0.0, "NAGINSP_min": 0.0, "NAGINSP_max": 0.0, "NADH9_min": 0.0, "NADH5_min": 0.0, "NADH5_max": 0.0, "MSHS_max": 0.0, "MSHS_min": 0.0, "FAS240_L_min": 0.0, "MYC1M1_max": 0.0, "HEMEOS_min": 0.0, "HEMEOS_max": 0.0, "GXRA_min": 0.0, "FBPA_min": 0.0, "FBPA_max": 0.0, "FAS80_L_min": 0.0, "TDPDRR_min": 0.0, "TDPDRR_max": 0.0, "MYCSacp58_min": 0.0, "ACCC_max": 0.0, "FAS100_min": 0.0, "FAD_1_min": 0.0, "FAD_1_max": 0.0, "EMB_min": 0.0, "EMB_max": 0.0, "ECHA191_min": 0.0, "ECHA191_max": 0.0, "DHFS_min": 0.0, "DHFS_max": 0.0, "FAS120_min": 0.0, "DCPT_min": 0.0, "DCPT_max": 0.0, "DCPE_min": 0.0, "FAD_20_max": 0.0, "DCPE_max": 0.0, "CYSK2_I_min": 0.0, "CYSK2_I_max": 0.0, "CYO1b_min": 0.0, "CYO1b_max": 0.0, "CIGAMS_min": 0.0, "CIGAMS_max": 0.0, "APRAUR_min": 0.0, "APRAUR_max": 0.0, "ALAD_L_min": 0.0, "ACChex_min": 0.0, "ACChex_max": 0.0, "ACCC_min": 0.0, "CYST_II_min": 0.0, "FAD_20_min": 0.0, "FAD_3_min": 0.0, "FAD_26_min": 0.0, "FAD_6_max": 0.0, "FAD_7_min": 0.0, "FAD_27_max": 0.0, "FAD_2_min": 0.0, "FAD_26_max": 0.0, "FAD_25_min": 0.0, "FAD_25_max": 0.0, "FAD_27_min": 0.0, "FAD_6_min": 0.0, "FAD_5_max": 0.0, "FAD_23_min": 0.0, "FAD_7_max": 0.0, "FAD_21_max": 0.0, "FAD_21_min": 0.0, "FAD_22_max": 0.0, "FAD_22_min": 0.0, "FAD_2_max": 0.0, "FAD_23_max": 0.0, "FAD_3_max": 0.0, "FAD_5_min": 0.0, "NADH10_min": 8.129310352174964e-18, "FAD_4_min": 1.65400294927105e-17, "CHSTEROLt_max": 5.738768059993826e-17, "FAD_4_max": 5.824647589352992e-17, "ECHA192_min": 1.1019856467477879e-16, "TMDS_min": 0.0029169615388542416, "DHFR_min": 0.0029196386365501806, "CYST_II_max": 0.027627744722402293, "ALAD_L_max": 0.04329322883663807, "GXRA_max": 0.04329322883663807, "PGCD_min": 0.044397465660197075, "CHORS_max": 0.05332989421663282, "DHPPDA2_min": 0.0591307933900744, "DHPPDA_min": 0.0591307933900744, "NADH9_max": 0.06375071986913618, "NADH2r_max": 0.0637507198691362, "NADH10_max": 0.06375071986913644, "NARK_max": 0.06571269905681015, "NNAM_min": 0.0795449695115342, "OXCDC_max": 0.08018293040021163, "ALAR_min": 0.10760122146281328, "MCOATA_max": 0.10985457201709153, "NARK_min": 0.11150257183765504, "ASPt2r_min": 0.12978646828517623, "ASNt2r_min": 0.1302035768251749, "CYSM_II_max": 0.13510220061531417, "PGCD_max": 0.13762787088132283, "CYSM_II_min": 0.13805710463890508, "ALAR_max": 0.1434859409867508, "G3PD1ir_min": 0.15613172244420676, "G3PD1ir_max": 0.1579945355244291, "CAT_min": 0.160550666341919, "DHFR_max": 0.20482060182062914, "CHORS_min": 0.2079793174668949, "OXCDC_min": 0.23547480435476342, "CAT_max": 0.31745780173142707, "Kabc_max": 0.33506916315534185, "Kabc_min": 0.34416744234992236}}