{"sampled_map_1": {"PYK_max": -0.3991259348839673, "PYK_min": -0.38840136531469277, "NNAM_min": -0.30445221283179363, "ASPt2r_max": -0.19350126537736873, "ASNt2r_max": -0.19350126537736873, "NADH2r_max": -0.18171882313639642, "NADH9_max": -0.18171882313639642, "NADH10_max": -0.1817188231363964, "PPCOAC_max": -0.154138174309878, "MAN1PT_max": -0.13544396195739306, "CYST_II_max": -0.11372184180099462, "NNAM_max": -0.09265442846232043, "DHFR_min": -0.08399137207304362, "DHFR_max": -0.07466517404741346, "TMDS_max": -0.07466517404741346, "MCOATA_max": -0.07235710990818993, "CYO1b_max": -0.06583660134393082, "CYO1b_min": -0.06454689361303827, "GXRA_min": -0.04763215098735951, "ALAD_L_min": -0.0476321509873595, "NADH2r_min": -0.046893673530652366, "CYST_II_min": -0.046629830980684364, "ALAD_L_max": -0.038751480303385724, "ALAR_max": -0.03279363535014655, "GXRA_max": -0.03139046278894969, "CHORS_max": -0.026141626265616013, "PGCD_min": -0.0239794326346503, "MAN1PT2_max": -0.01336334815366319, "FAD_8_max": -0.012420576531255018, "FAD_13_max": -0.012420575859557144, "FAD_12_max": -0.012420575859557144, "FAD_11_max": -0.012420575859557144, "FAD_17_max": -0.012420575859557066, "FAD_14_max": -0.012420575859557066, "FAD_15_max": -0.012420575859557066, "FAD_16_max": -0.012420575859557066, "FAD_18_max": -0.012420575859557066, "FAD_19_max": -0.012420575859557066, "FAD_10_max": -0.012420575859557028, "FAD_9_max": -0.012420575859557028, "NARK_max": -0.012234053402323836, "CYSM_II_max": -0.00017447649368052497, "CYSM_II_min": -0.00017447649368052497, "FAD_24_min": -1.7401925616808836e-16, "ACCOAC_max": -6.254605623756577e-17, "FAD_4_max": -5.838569802350825e-17, "ECHA192_min": -2.2538736082989298e-17, "FAD_4_min": -1.5063624720876735e-17, "FAS240_L_max": 0.0, "FAS181_min": 0.0, "FAD_2_min": 0.0, "FAS181_max": 0.0, "FAD_6_min": 0.0, "FAS180_max": 0.0, "FAD_6_max": 0.0, "FAD_3_max": 0.0, "FAS120_max": 0.0, "FAD_5_min": 0.0, "FAS161_max": 0.0, "FAD_7_max": 0.0, "FAS160_min": 0.0, "FAS100_max": 0.0, "FAS160_max": 0.0, "FAD_5_max": 0.0, "FAS140_max": 0.0, "FAD_7_min": 0.0, "FAS161_min": 0.0, "ACCC_max": 0.0, "FAS260_max": 0.0, "TDPDRR_min": 0.0, "TDPDRR_max": 0.0, "PPCOAC_min": 0.0, "NAGINSP_min": 0.0, "NAGINSP_max": 0.0, "NADH9_min": 0.0, "NADH5_min": 0.0, "MYCSacp58_min": 0.0, "MYCSacp58_max": 0.0, "MYCSacp56_min": 0.0, "MYCSacp56_max": 0.0, "MYCSacp50_min": 0.0, "MYCSacp50_max": 0.0, "MYC1M2_min": 0.0, "FAS240_L_min": 0.0, "MYC1M2_max": 0.0, "MYC1M1_max": 0.0, "MSHS_min": 0.0, "MSHS_max": 0.0, "MCD_min": 0.0, "MCD_max": 0.0, "FAD_2_max": 0.0, "HEMEOS_min": 0.0, "HEMEOS_max": 0.0, "G3PD1ir_min": 0.0, "FBPA_min": 0.0, "FBPA_max": 0.0, "FAS80_L_min": 0.0, "FAS80_L_max": 0.0, "FAS260_min": 0.0, "MYC1M1_min": 0.0, "FAD_27_min": 0.0, "FAD_3_min": 0.0, "FAD_26_min": 0.0, "FAD_27_max": 0.0, "ECHA191_max": 0.0, "DHPPDA_min": 0.0, "DHPPDA_max": 0.0, "DHPPDA2_min": 0.0, "DHPPDA2_max": 0.0, "DHFS_min": 0.0, "DHFS_max": 0.0, "DCPT_min": 0.0, "DCPT_max": 0.0, "DCPE_min": 0.0, "DCPE_max": 0.0, "CYSK2_I_min": 0.0, "CYSK2_I_max": 0.0, "CIGAMS_min": 0.0, "CIGAMS_max": 0.0, "APRAUR_min": 0.0, "APRAUR_max": 0.0, "ACChex_min": 0.0, "ACChex_max": 0.0, "ACCC_min": 0.0, "EMB_max": 0.0, "EMB_min": 0.0, "ECHA191_min": 0.0, "FAD_22_max": 0.0, "FAD_1_max": 0.0, "FAD_26_max": 0.0, "FAD_25_min": 0.0, "FAD_1_min": 0.0, "FAD_20_max": 0.0, "FAD_20_min": 0.0, "FAD_21_max": 0.0, "FAD_21_min": 0.0, "FAD_25_max": 0.0, "FAD_22_min": 0.0, "FAD_23_max": 0.0, "FAD_23_min": 0.0, "CHSTEROLt_min": 3.3757221632300305e-19, "NADH10_min": 2.7297962327451744e-18, "CHSTEROLt_max": 1.6872018579510864e-17, "ECHA192_max": 5.716114210746159e-17, "FAD_24_max": 8.696817071802946e-17, "CHORS_min": 0.0051388871500796214, "PGCD_max": 0.009620824329607194, "MAN1PT_min": 0.013363348153663055, "ALAR_min": 0.014901051294671952, "MAN1PT2_min": 0.025251034279781363, "Kabc_max": 0.02807881267350704, "PPDIMAT_max": 0.03331183117231318, "PREPTHS2_max": 0.03331183117231318, "PHETA1_min": 0.03824709198417102, "TYRTA_min": 0.03825129451402243, "Kabc_min": 0.03860629380911585, "VPAMTr_min": 0.03884276371408978, "TYRTA_max": 0.039067473089049135, "PHETA1_max": 0.039067473089049135, "CAT_min": 0.04075370946736903, "VPAMTr_max": 0.044122007770555444, "NADH5_max": 0.04806931284887372, "FAD_19_min": 0.055485044959813754, "FAD_16_min": 0.055485044959813754, "FAD_17_min": 0.055485044959813754, "FAD_15_min": 0.055485044959813754, "FAD_18_min": 0.055485044959813754, "FAS100_min": 0.0554850449598138, "FAD_8_min": 0.0554850449598138, "FAD_10_min": 0.0554850449598138, "FAS140_min": 0.0554850449598138, "FAD_12_min": 0.0554850449598138, "FAD_13_min": 0.0554850449598138, "FAD_11_min": 0.0554850449598138, "FAD_14_min": 0.0554850449598138, "FAS120_min": 0.0554850449598138, "FAD_9_min": 0.0554850449598138, "MCOATA_min": 0.05564685246036514, "KGD2_max": 0.07115202665916062, "TMDS_min": 0.08399137207304362, "ALAALAr_min": 0.08399137207304362, "KGD2_min": 0.10290554698963938, "G3PD1ir_max": 0.10558034503580706, "PPDIMAT_min": 0.11579894974812702, "PREPTHS2_min": 0.11579894974812702, "ALAALAr_max": 0.12810005295701726, "FAS200_max": 0.13203701896729092, "FAS200_min": 0.14048497219495207, "FAS180_min": 0.1404849721949521, "ASPt2r_min": 0.14413540436650296, "PREPTHS_max": 0.14545252635668182, "PDIMAT_max": 0.14545252635668182, "FACOAL200_max": 0.14545252635668182, "PREPTHS_min": 0.14857804287223456, "PDIMAT_min": 0.14857804287223456, "FACOAL200_min": 0.14857804287223456, "ACCOAC_min": 0.15520454490997918, "ASNt2r_min": 0.15822703176930777, "CAT_max": 0.164409221973342, "OXCDC_max": 0.17478092310400903, "OXCDC_min": 0.1923968852743893, "FACOAL161_min": 0.23218935204131436, "FACOAL161_max": 0.23580632976441065, "FACOAL140_min": 0.26426742525942265, "ADNCYC_max": 0.27985392244604834, "ADNCYC_min": 0.2875465364635971, "FACOALPREPH_max": 0.29912910269022697, "FACOAL140_max": 0.2991494205809885, "FACOAL180_max": 0.2991779070964151, "FACOAL180_min": 0.30723534509542044, "FACOALPREPH_min": 0.30723534509542044, "NARK_min": 0.40359115362498665}}