{"sampled_map_1": {"ACCOAC_min": -0.6942338192968961, "ADNCYC_min": -0.6104266511840786, "ADNCYC_max": -0.590185742757883, "OXCDC_min": -0.552821800904629, "ACCOAC_max": -0.5130634910211954, "OXCDC_max": -0.48628574006716097, "MCD_min": -0.4827332989354752, "MCOATA_min": -0.43560875616523037, "PPDIMAT_min": -0.4356087545270373, "PREPTHS2_min": -0.4356087545270373, "MCD_max": -0.3706164258911836, "CAT_min": -0.3523599032503768, "FACOAL161_max": -0.3173065670163291, "FAD_8_max": -0.3110850071567781, "PPCOAC_min": -0.3072795252852442, "ALAALAr_max": -0.3046612881531996, "NARK_min": -0.2953079438107202, "FAD_10_max": -0.2942222901477684, "FAD_9_max": -0.2942222901477684, "FAD_17_max": -0.2927323457759767, "FAD_15_max": -0.29273234577597657, "FAD_18_max": -0.29273234577597657, "FAD_19_max": -0.29273234577597657, "FAD_16_max": -0.2927323457496758, "FAD_14_max": -0.29046091080019937, "FAD_11_max": -0.2896447345712125, "FAD_12_max": -0.2896447345712125, "FAD_13_max": -0.2896447345712125, "FAS180_min": -0.28850159824771254, "FAS200_min": -0.28850159824771204, "PREPTHS_min": -0.2095387411277933, "FACOAL200_min": -0.20953874112779322, "PDIMAT_min": -0.20953874112779322, "MCOATA_max": -0.16860993186069512, "CYSM_II_min": -0.1551533008293362, "CYSM_II_max": -0.15403414398302034, "NARK_max": -0.1483616898493127, "ALAALAr_min": -0.12470566222545983, "NNAM_min": -0.0847301747916472, "MAN1PT2_min": -0.08432305307292066, "MAN1PT_max": -0.08432305307292066, "MAN1PT_min": -0.08432305307292066, "DHPPDA2_min": -0.07081075735160096, "DHPPDA_min": -0.07081075735160096, "Kabc_max": -0.04913148747290819, "NADH5_min": -0.03540395203811047, "ALAD_L_max": -0.032142729933424506, "MYCSacp56_max": -0.031087611793196832, "MYC1M2_min": -0.02974737219442093, "ALAR_max": -0.028202189896499644, "CHORS_min": -0.025782522195903324, "MYCSacp50_min": -0.019228244560688782, "PHETA1_min": -0.016667607511577608, "TYRTA_min": -0.01663020965712147, "CAT_max": -0.008885149092242948, "NADH10_min": -0.007628483490700946, "NADH9_min": -0.007607892429188665, "FACOALPREPH_min": -0.006159970553435793, "FACOAL180_min": -0.006159970553435793, "FACOAL140_min": -0.006159970553435793, "FACOAL161_min": -0.006159970553435793, "ASPt2r_max": -2.0903073745084769e-16, "DHFR_max": -1.66020355138827e-16, "FAS260_max": -1.6549084612111899e-16, "MSHS_max": -1.254063499411141e-16, "FAS260_min": -9.144584996827441e-17, "FAS160_min": -4.003659382732897e-17, "FAD_7_max": -3.344323059465894e-17, "FAS120_max": 0.0, "FAS100_max": 0.0, "MYCSacp58_max": 0.0, "MAN1PT2_max": 0.0, "ACChex_max": 0.0, "FAD_4_min": 0.0, "MYCSacp56_min": 0.0, "Kabc_min": 0.0, "FAD_6_min": 0.0, "FAD_6_max": 0.0, "FAD_5_min": 0.0, "FAD_5_max": 0.0, "FAD_4_max": 0.0, "ACChex_min": 0.0, "GXRA_min": 0.0, "MYC1M2_max": 0.0, "FAS181_max": 0.0, "MYC1M1_max": 0.0, "MYCSacp58_min": 0.0, "FAS240_L_max": 0.0, "MYC1M1_min": 0.0, "FAS240_L_min": 0.0, "FAS161_min": 0.0, "ACCC_min": 0.0, "FAS80_L_max": 0.0, "FBPA_min": 0.0, "G3PD1ir_max": 0.0, "FAS161_max": 0.0, "G3PD1ir_min": 0.0, "FAS181_min": 0.0, "HEMEOS_max": 0.0, "HEMEOS_min": 0.0, "FAS80_L_min": 0.0, "FAD_2_min": 0.0, "FAD_21_max": 0.0, "FAD_27_min": 0.0, "EMB_max": 0.0, "ECHA192_min": 0.0, "ECHA192_max": 0.0, "ECHA191_min": 0.0, "ECHA191_max": 0.0, "APRAUR_min": 0.0, "ASNt2r_max": 0.0, "DHFS_min": 0.0, "DHFS_max": 0.0, "DCPT_min": 0.0, "DCPT_max": 0.0, "DCPE_min": 0.0, "DCPE_max": 0.0, "TDPDRR_max": 0.0, "CYSK2_I_min": 0.0, "CYSK2_I_max": 0.0, "CYO1b_min": 0.0, "CYO1b_max": 0.0, "CIGAMS_min": 0.0, "CIGAMS_max": 0.0, "CHSTEROLt_min": 0.0, "CHSTEROLt_max": 0.0, "TDPDRR_min": 0.0, "EMB_min": 0.0, "FAD_2_max": 0.0, "APRAUR_max": 0.0, "ALAR_min": 0.0, "FAD_27_max": 0.0, "FAD_26_min": 0.0, "FAD_26_max": 0.0, "FAD_25_min": 0.0, "FAD_25_max": 0.0, "FAD_24_min": 0.0, "FAD_24_max": 0.0, "FAD_23_min": 0.0, "FAD_23_max": 0.0, "FAD_22_min": 0.0, "FAD_22_max": 0.0, "FAD_21_min": 0.0, "TMDS_max": 0.0, "FAD_20_min": 0.0, "FAD_20_max": 0.0, "FAD_1_min": 0.0, "FAD_1_max": 0.0, "NADH2r_max": 0.0, "NAGINSP_max": 0.0, "NAGINSP_min": 0.0, "ALAD_L_min": 0.0, "PGCD_min": 0.0, "ACCC_max": 0.0, "FAS140_max": 1.0263521419373547e-17, "FAS160_max": 1.4326739571258426e-17, "MYCSacp50_max": 4.3154026635158815e-17, "MSHS_min": 5.0528127898679957e-17, "FAD_3_min": 5.835037006945141e-17, "FAS180_max": 6.637331271480691e-17, "FAD_7_min": 2.0160470247310076e-16, "FAD_3_max": 2.9263967897088423e-16, "PPCOAC_max": 0.0010598135788220109, "PPDIMAT_max": 0.004833453402443803, "PREPTHS2_max": 0.004833453402443803, "DHFR_min": 0.007714688519865085, "NADH2r_min": 0.013690753783220154, "FBPA_max": 0.015336221417706792, "TYRTA_max": 0.02334331853741864, "VPAMTr_max": 0.02334331853741908, "PHETA1_max": 0.02334331853741908, "ASNt2r_min": 0.03567099570808219, "ASPt2r_min": 0.03612564397471112, "VPAMTr_min": 0.052271153456983716, "CHORS_max": 0.05274744250684823, "TMDS_min": 0.060354564776621086, "DHPPDA_max": 0.07081075735160101, "DHPPDA2_max": 0.07081075735160101, "FAS200_max": 0.07349600720245861, "FAD_12_min": 0.07992497922298183, "FAD_10_min": 0.07992497922298183, "FAD_13_min": 0.07992497922298183, "FAD_11_min": 0.07992497922298183, "FAD_15_min": 0.07992497922298183, "FAD_9_min": 0.07992497922298183, "FAD_14_min": 0.07992497922298183, "FAD_18_min": 0.07992497922298183, "FAD_19_min": 0.07992497922298183, "FAD_16_min": 0.07992497922298183, "FAS140_min": 0.07992497922298215, "FAS120_min": 0.07992497922298215, "FAS100_min": 0.07992497922298215, "FAD_17_min": 0.07992497922298217, "FAD_8_min": 0.07992497922298222, "PDIMAT_max": 0.08126533670969388, "FACOAL200_max": 0.08126533670969388, "PREPTHS_max": 0.08126533670969392, "NADH10_max": 0.08188311981941716, "CYST_II_min": 0.08359913944343367, "CYST_II_max": 0.08507120470920912, "GXRA_max": 0.09043359868598284, "NADH5_max": 0.09579953076092229, "PYK_max": 0.1027418753528639, "FACOAL140_max": 0.12001640252471162, "FACOAL180_max": 0.13754706677991688, "FACOALPREPH_max": 0.14622646449782742, "KGD2_min": 0.15078068210993492, "PYK_min": 0.15311896564965372, "PGCD_max": 0.156947737777553, "KGD2_max": 0.15841227579961373, "NADH9_max": 0.1706826041067848, "NNAM_max": 0.3246943293519611}}