{"sampled_map_4": {"ASPt2r_min": -0.5991110347980021, "PREPTHS_min": -0.4378488803456202, "FACOAL200_min": -0.43784888034562003, "PDIMAT_min": -0.43784888034562003, "PGCD_min": -0.3926316759214142, "PGCD_max": -0.3712294369746705, "NARK_max": -0.3521584902446145, "FAS200_min": -0.34900920265476487, "FAS180_min": -0.3490092026547644, "ASNt2r_min": -0.3453428560903166, "CYST_II_min": -0.34532248076625366, "CYST_II_max": -0.3392048470756355, "PREPTHS2_min": -0.2662561882361311, "PPDIMAT_min": -0.2662561882361311, "MCOATA_min": -0.26625616259546403, "OXCDC_max": -0.25474795265305794, "ALAR_max": -0.25127911358356264, "FAD_8_max": -0.24743893838180475, "FACOAL161_max": -0.2209118268550652, "ADNCYC_min": -0.2043311675244694, "NARK_min": -0.20317241331080446, "ALAR_min": -0.18934425644992153, "ADNCYC_max": -0.1877269687289283, "FAD_18_max": -0.17789580144467487, "FAD_15_max": -0.17789580144467487, "FAD_16_max": -0.17789580143378042, "FAD_19_max": -0.17789580143378042, "FAD_17_max": -0.1778958014337804, "FAD_13_max": -0.17372715787555984, "FAD_11_max": -0.17372715787555984, "FAD_12_max": -0.17372715787555984, "FAD_9_max": -0.172792831215964, "FAD_10_max": -0.172792831215964, "FAD_14_max": -0.1618792945312152, "ACCOAC_min": -0.14175600849917924, "CYSM_II_max": -0.13320175293432918, "MCD_max": -0.12724173723479942, "OXCDC_min": -0.10707907626414155, "CHORS_max": -0.09952967190363864, "Kabc_min": -0.09625324816715879, "FACOAL180_min": -0.09495196052008095, "FACOAL180_max": -0.09475372072833382, "FACOAL140_max": -0.09465805549549372, "FACOALPREPH_max": -0.0946128337365032, "Kabc_max": -0.08948570202766729, "FACOALPREPH_min": -0.08276301059240251, "DHPPDA2_min": -0.07423332548458221, "DHPPDA_min": -0.07423332548458217, "MCOATA_max": -0.07380980789597641, "CYSM_II_min": -0.07320405040713787, "DHFR_max": -0.06862878859468005, "TMDS_max": -0.06862878859468001, "ACCOAC_max": -0.06849051920849938, "FACOAL161_min": -0.05986025761681202, "FACOAL140_min": -0.03717999866045733, "CYO1b_max": -0.03290765413419054, "PREPTHS_max": -0.032280482676930074, "PDIMAT_max": -0.03228048267692999, "FACOAL200_max": -0.03228048267692999, "PYK_min": -0.016113211579843127, "ALAALAr_min": -0.012713575579029253, "MAN1PT_max": -0.01235519761628544, "MAN1PT_min": -0.01235519761628544, "MAN1PT2_min": -0.01235519761628544, "FAD_3_max": -1.877195178179711e-16, "FAD_3_min": -1.3518149616325452e-16, "FAS260_min": -1.2194870276505243e-16, "FAS160_max": -1.065062088594588e-16, "MYCSacp50_min": -6.763983020707959e-17, "FAS260_max": -5.0592568280879703e-17, "FAS180_max": -3.0587249461901217e-17, "FAS140_max": -2.523407486850601e-17, "NAGINSP_min": -1.5366779324575602e-17, "FAD_2_max": -6.879790094282555e-18, "FAD_1_max": -2.824191073694576e-19, "FAS161_min": 0.0, "FAS161_max": 0.0, "MAN1PT2_max": 0.0, "FAS100_max": 0.0, "TDPDRR_max": 0.0, "TDPDRR_min": 0.0, "FAD_6_min": 0.0, "FAD_6_max": 0.0, "FAD_5_min": 0.0, "FAD_5_max": 0.0, "FAS120_max": 0.0, "FAS181_max": 0.0, "FAS240_L_max": 0.0, "MYCSacp58_min": 0.0, "HEMEOS_max": 0.0, "MYC1M1_max": 0.0, "GXRA_min": 0.0, "MYC1M1_min": 0.0, "FBPA_min": 0.0, "MYC1M2_max": 0.0, "FBPA_max": 0.0, "MYC1M2_min": 0.0, "FAS80_L_min": 0.0, "FAS80_L_max": 0.0, "MYCSacp56_max": 0.0, "MYCSacp56_min": 0.0, "MYCSacp58_max": 0.0, "FAS240_L_min": 0.0, "HEMEOS_min": 0.0, "FAS181_min": 0.0, "FAD_4_min": 0.0, "ACCC_max": 0.0, "DHFS_min": 0.0, "ACCC_min": 0.0, "EMB_min": 0.0, "EMB_max": 0.0, "ECHA192_min": 0.0, "ACChex_max": 0.0, "FAD_4_max": 0.0, "DHFS_max": 0.0, "DCPT_min": 0.0, "DCPT_max": 0.0, "DCPE_min": 0.0, "DCPE_max": 0.0, "CYSK2_I_min": 0.0, "CYSK2_I_max": 0.0, "CYO1b_min": 0.0, "CIGAMS_min": 0.0, "CIGAMS_max": 0.0, "CHSTEROLt_min": 0.0, "ACChex_min": 0.0, "CHSTEROLt_max": 0.0, "ALAD_L_min": 0.0, "APRAUR_min": 0.0, "FAD_1_min": 0.0, "FAD_20_max": 0.0, "ECHA192_max": 0.0, "FAD_24_min": 0.0, "FAD_27_min": 0.0, "FAD_27_max": 0.0, "FAD_26_min": 0.0, "FAD_26_max": 0.0, "FAD_25_min": 0.0, "FAD_25_max": 0.0, "FAD_20_min": 0.0, "FAD_24_max": 0.0, "FAD_23_min": 0.0, "FAD_23_max": 0.0, "FAD_22_min": 0.0, "APRAUR_max": 0.0, "FAD_22_max": 0.0, "FAD_21_max": 0.0, "FAD_21_min": 0.0, "FAD_7_max": 5.2113251559979415e-18, "ECHA191_max": 9.615704933201181e-18, "NAGINSP_max": 1.2527903678953386e-17, "MYCSacp50_max": 1.445988124168139e-17, "FAD_2_min": 1.5604610199394814e-17, "MSHS_min": 2.3013914932245884e-17, "MSHS_max": 2.939518552209082e-17, "FAD_7_min": 5.168117843402295e-17, "ECHA191_min": 7.115622530558663e-17, "FAS160_min": 2.1935816908530864e-16, "KGD2_min": 0.010048501030997194, "ALAALAr_max": 0.015538934359846133, "NADH2r_min": 0.016636668806460062, "NADH9_min": 0.01684819826086638, "NADH10_min": 0.01684819826086639, "NNAM_min": 0.018828690753029502, "CHORS_min": 0.019705633547643524, "PYK_max": 0.020292129372561224, "ASPt2r_max": 0.03074668023441756, "NADH5_min": 0.030746680234417633, "ASNt2r_max": 0.03074668023441767, "KGD2_max": 0.03318471620538995, "NADH2r_max": 0.047594878495283974, "NADH10_max": 0.04831903126767232, "NADH9_max": 0.050331645735495034, "DHPPDA_max": 0.05576039520582874, "PREPTHS2_max": 0.058744397632262815, "PPDIMAT_max": 0.058744397632262815, "FAS200_max": 0.05874439763226287, "DHFR_min": 0.06207366632513765, "FAD_9_min": 0.07289512057217926, "FAD_10_min": 0.07289512057217926, "FAD_14_min": 0.07539292825150519, "FAD_13_min": 0.07565154975585194, "FAD_12_min": 0.07565154975585194, "FAD_11_min": 0.07565154975585194, "FAD_19_min": 0.07571629369339393, "FAD_15_min": 0.07571629369339393, "FAD_18_min": 0.07571629369339393, "FAD_16_min": 0.07571629369339393, "FAD_17_min": 0.07571629369339399, "FAS100_min": 0.07574251845840027, "FAS120_min": 0.07574251845840027, "FAD_8_min": 0.07574251845840027, "FAS140_min": 0.07574251845840033, "ALAD_L_max": 0.07902024546281337, "TMDS_min": 0.07981186670485525, "DHPPDA2_max": 0.10420134674786584, "NADH5_max": 0.11793962136486068, "PPCOAC_min": 0.11863570363640498, "GXRA_max": 0.14752556843194367, "CAT_min": 0.16462638691017933, "VPAMTr_min": 0.21385481583233093, "VPAMTr_max": 0.23713243768623518, "MCD_min": 0.28082093962266136, "G3PD1ir_max": 0.31643801531290333, "G3PD1ir_min": 0.3166072971866449, "CAT_max": 0.354217388502576, "PHETA1_max": 0.38469378770287177, "TYRTA_max": 0.38469378770287177, "PPCOAC_max": 0.4233738283887951, "PHETA1_min": 0.435904133396984, "TYRTA_min": 0.43681219426719053, "NNAM_max": 0.6827916177818317}}