{"sampled_map_3": {"NNAM_min": -1.4714099567980718, "ALAD_L_max": -0.5207000739369844, "NNAM_max": -0.43779113665910774, "NADH10_min": -0.42405826080494907, "NADH9_min": -0.42405826080494907, "NADH2r_min": -0.4237802009131437, "DHPPDA_max": -0.28060669753419953, "DHPPDA2_max": -0.2802110744875029, "MCOATA_min": -0.23629317982885198, "CYSM_II_max": -0.21953619537948166, "ALAR_max": -0.21872444459803123, "NARK_min": -0.18737140442093075, "MAN1PT2_max": -0.17583371519195784, "GXRA_max": -0.15867634145423992, "MYCSacp50_min": -0.15482525537952513, "PGCD_min": -0.14374910940411031, "FACOAL161_min": -0.11893277587872758, "CYSM_II_min": -0.11206632808091879, "NADH2r_max": -0.10734000839646382, "FACOAL200_max": -0.10603220134751737, "PDIMAT_max": -0.10603220134751737, "PREPTHS_max": -0.10603220134751726, "NADH9_max": -0.1058644368019762, "CYST_II_max": -0.1043562397477296, "CYO1b_max": -0.10268868484740054, "NADH10_max": -0.09880104792877525, "ALAALAr_max": -0.09112420997074863, "FACOAL180_min": -0.09037235945534491, "ALAD_L_min": -0.08483414714513612, "GXRA_min": -0.08483414714513612, "CHORS_min": -0.08125623593570218, "Kabc_max": -0.0810078084274301, "Kabc_min": -0.07819667755036137, "FACOALPREPH_min": -0.07476426359089228, "ADNCYC_min": -0.07339933317255996, "PYK_min": -0.07165285144964195, "FBPA_max": -0.06783935317014389, "MYCSacp56_max": -0.06783935317014389, "VPAMTr_max": -0.06410750211300309, "FACOALPREPH_max": -0.057762121152774945, "FACOAL180_max": -0.05540880921270462, "FACOAL140_max": -0.05458606097997567, "NARK_max": -0.05078864134908484, "MYC1M2_min": -0.04529701633675057, "ADNCYC_max": -0.04401621848976952, "PHETA1_min": -0.04169118407627696, "TYRTA_min": -0.04118311607620555, "ALAALAr_min": -0.03625403923519911, "MCD_min": -0.020918156642413508, "FACOAL140_min": -0.020352495052786614, "G3PD1ir_min": -0.018399924591673195, "TMDS_max": -0.010377042913985486, "ACCOAC_min": -0.009994490987814604, "NADH5_max": -0.006623621511568896, "PYK_max": -0.00455754810818543, "CYST_II_min": -0.003982741779494098, "FAD_8_min": -0.0019665309624225373, "FAS140_min": -0.001966530962422485, "FAS120_min": -0.0019665309624224076, "FAS100_min": -0.0019665309624224076, "FAD_18_min": -0.0019356092661795968, "FAD_16_min": -0.0019356092661795968, "FAD_15_min": -0.0019356092661795968, "FAD_19_min": -0.0019356092661795968, "FAD_17_min": -0.0019356092661795964, "FAD_12_min": -0.001859270206196396, "FAD_13_min": -0.001859270206196396, "FAD_11_min": -0.001859270206196396, "FAD_14_min": -0.0015543310037420205, "FAD_7_min": -2.7354858806282207e-16, "FAS160_min": -2.7349124977037625e-16, "FAS260_min": -2.6503991391686013e-16, "ASPt2r_max": -1.152680440037674e-16, "NADH5_min": -9.39469649441338e-17, "MSHS_max": -7.292837244071413e-17, "FAS260_max": -3.8335112621884424e-17, "NAGINSP_max": -3.8573154815556775e-18, "FAD_2_min": -3.3872189859591414e-25, "FAD_2_max": -6.9973395426738e-27, "ECHA191_min": -2.5078113792135825e-27, "FAD_1_min": -2.320035004216372e-32, "FAD_1_max": -2.8195062731507383e-33, "EMB_max": 0.0, "MYCSacp56_min": 0.0, "MYCSacp58_max": 0.0, "MYCSacp58_min": 0.0, "FAD_6_min": 0.0, "TDPDRR_max": 0.0, "MYC1M2_max": 0.0, "TDPDRR_min": 0.0, "MYC1M1_min": 0.0, "HEMEOS_min": 0.0, "HEMEOS_max": 0.0, "ACCC_min": 0.0, "ACChex_max": 0.0, "ACChex_min": 0.0, "APRAUR_max": 0.0, "FBPA_min": 0.0, "APRAUR_min": 0.0, "FAS80_L_min": 0.0, "ASNt2r_max": 0.0, "FAS240_L_min": 0.0, "FAS240_L_max": 0.0, "FAD_6_max": 0.0, "FAS181_min": 0.0, "MYC1M1_max": 0.0, "FAS161_min": 0.0, "FAD_5_min": 0.0, "FAD_27_min": 0.0, "FAD_4_min": 0.0, "FAD_20_max": 0.0, "CHSTEROLt_min": 0.0, "CIGAMS_max": 0.0, "CIGAMS_min": 0.0, "CYO1b_min": 0.0, "CYSK2_I_max": 0.0, "CYSK2_I_min": 0.0, "DCPE_max": 0.0, "DCPE_min": 0.0, "DCPT_max": 0.0, "DCPT_min": 0.0, "DHFS_max": 0.0, "DHFS_min": 0.0, "ECHA192_max": 0.0, "ECHA192_min": 0.0, "FAD_5_max": 0.0, "FAD_21_max": 0.0, "FAD_20_min": 0.0, "FAD_22_max": 0.0, "FAD_4_max": 0.0, "CHSTEROLt_max": 0.0, "EMB_min": 0.0, "FAD_27_max": 0.0, "FAD_26_min": 0.0, "FAD_26_max": 0.0, "FAD_21_min": 0.0, "FAD_25_min": 0.0, "ACCC_max": 0.0, "FAD_24_min": 0.0, "FAD_24_max": 0.0, "FAD_23_min": 0.0, "FAD_23_max": 0.0, "FAD_22_min": 0.0, "FAD_25_max": 0.0, "ECHA191_max": 1.712532209970987e-26, "NAGINSP_min": 8.729005329150097e-19, "MSHS_min": 7.49599559811601e-17, "FAD_3_max": 8.1983497919749e-17, "FAD_7_max": 1.2309732456514282e-16, "MYCSacp50_max": 1.7570556205302057e-16, "FAD_3_min": 3.982449387392228e-16, "FAD_10_min": 0.001390822083151736, "FAD_9_min": 0.001390822083151736, "MCOATA_max": 0.007976795814561288, "G3PD1ir_max": 0.017836914236927584, "PGCD_max": 0.02742777692198048, "KGD2_min": 0.030553468574068588, "DHFR_max": 0.0363012774098652, "PREPTHS2_min": 0.050811370804947624, "PPDIMAT_min": 0.050811370804947624, "ASNt2r_min": 0.05181091337629235, "CHORS_max": 0.05332398345588089, "KGD2_max": 0.05530678862146975, "ASPt2r_min": 0.06001796209027139, "PPCOAC_max": 0.06785077397879018, "MCD_max": 0.06988631660868432, "FAS180_min": 0.07723942442428765, "FAS200_min": 0.07723942442428781, "PREPTHS_min": 0.09139517396145531, "PDIMAT_min": 0.09139517396145541, "FACOAL200_min": 0.09139517396145541, "PREPTHS2_max": 0.10053994356491171, "PPDIMAT_max": 0.10053994356491171, "FAD_14_max": 0.10717583427663352, "FACOAL161_max": 0.10922810937223676, "FAD_8_max": 0.11647356404361844, "FAD_9_max": 0.12348320169031382, "FAD_10_max": 0.12348320169031382, "FAD_16_max": 0.12458007069128015, "FAD_19_max": 0.1245800706951686, "FAD_15_max": 0.12458007069783542, "FAD_18_max": 0.12458007069783542, "FAD_17_max": 0.12458007069783546, "TMDS_min": 0.13122395934565134, "DHFR_min": 0.13122395934565137, "FAD_13_max": 0.1392557462546996, "FAD_11_max": 0.1392557462546996, "FAD_12_max": 0.1392557462546996, "MAN1PT_min": 0.17583371519195776, "MAN1PT2_min": 0.17716762078611198, "OXCDC_min": 0.18520526835363652, "ALAR_min": 0.1855447704336242, "ACCOAC_max": 0.2017677545086517, "PPCOAC_min": 0.21861955327122257, "FAS180_max": 0.22398680677396493, "MAN1PT_max": 0.23213080492257332, "FAS161_max": 0.23381671041146462, "OXCDC_max": 0.243690415162739, "FAS100_max": 0.24895517606620785, "FAS120_max": 0.24895517606620785, "FAS140_max": 0.24895517606620787, "FAS200_max": 0.27862055586081225, "DHPPDA_min": 0.2802110744875029, "DHPPDA2_min": 0.2806066975341997, "FAS160_max": 0.2911760661300514, "FAS80_L_max": 0.2932949738882389, "FAS181_max": 0.30064437203380934, "PHETA1_max": 0.38704054207476113, "TYRTA_max": 0.38704054207476113, "CAT_min": 0.3905919889697777, "CAT_max": 0.393531711704138, "VPAMTr_min": 0.4027815986330208}}