{"sampled_map_0": {"ADNCYC_max": -0.6742359380136692, "ADNCYC_min": -0.5560725359664019, "PPCOAC_min": -0.43881905365262897, "MCD_min": -0.43881905365262897, "ASPt2r_min": -0.42211270127335726, "PYK_max": -0.3828375646486572, "ALAALAr_min": -0.3567579489418728, "G3PD1ir_min": -0.3079379273378402, "G3PD1ir_max": -0.3021780002904802, "PYK_min": -0.3019249136711838, "TYRTA_min": -0.27020535139188484, "VPAMTr_min": -0.24990987037829043, "PHETA1_min": -0.24636121682834813, "FACOAL161_min": -0.2353530273323632, "FACOAL140_min": -0.2353530273323632, "FACOALPREPH_min": -0.2353530273323632, "FACOAL180_min": -0.2353530273323632, "NADH2r_max": -0.20447505454667853, "NADH9_max": -0.20447505454667853, "NADH10_max": -0.20447505454667853, "ASNt2r_min": -0.2038331620203608, "ALAALAr_max": -0.18421086307579343, "PREPTHS_min": -0.17684629784279277, "PDIMAT_min": -0.17684629784279277, "FACOAL200_min": -0.17684629784279277, "GXRA_min": -0.1638225579350899, "ALAD_L_min": -0.1638225579350899, "FAS140_min": -0.15700325120214187, "FAS120_min": -0.15700325120214187, "FAS100_min": -0.15700325120214187, "FAD_8_min": -0.15700325120214187, "FAD_15_min": -0.1569424139499426, "FAD_16_min": -0.1569424139499426, "FAD_18_min": -0.1569424139499426, "FAD_17_min": -0.1569424139499426, "FAD_19_min": -0.1569424139499426, "FAD_11_min": -0.15679231382207967, "FAD_12_min": -0.15679231382207967, "FAD_13_min": -0.15679231382207967, "FAD_14_min": -0.15619425963994768, "FAD_9_min": -0.15054016792746983, "FAD_10_min": -0.15054016792746983, "CHORS_min": -0.13107957056741973, "FAS200_min": -0.09464101874409608, "FAS180_min": -0.0946410187440958, "FAD_8_max": -0.08293851506592193, "FACOAL161_max": -0.08092740769591882, "FAD_19_max": -0.07570827602801145, "FAD_15_max": -0.07570827602801145, "FAD_16_max": -0.07570827602801145, "FAD_17_max": -0.07570827602801145, "FAD_18_max": -0.07570827602801145, "FAD_9_max": -0.07570273264009404, "FAD_10_max": -0.07570273264009404, "FAD_12_max": -0.07404397760857774, "FAD_11_max": -0.07404397760857774, "FAD_13_max": -0.07404397760857774, "FAD_14_max": -0.07400560117950307, "GXRA_max": -0.047630012667865665, "FAD_3_max": -9.932235639599502e-17, "FAD_3_min": -7.380374339904493e-17, "NADH5_max": -3.5034422460988823e-17, "NADH5_min": -5.443570945138306e-18, "CAT_max": -3.0481116314621142e-18, "FAD_7_min": -9.377712103890802e-19, "FAS161_min": 0.0, "FAS140_max": 0.0, "CIGAMS_min": 0.0, "FAS120_max": 0.0, "CYO1b_max": 0.0, "FAS100_max": 0.0, "CYO1b_min": 0.0, "CYSK2_I_max": 0.0, "CYSM_II_max": 0.0, "FAS161_max": 0.0, "FAD_6_min": 0.0, "FAD_6_max": 0.0, "FAD_5_min": 0.0, "FAD_5_max": 0.0, "FAD_4_min": 0.0, "FAD_4_max": 0.0, "CYSK2_I_min": 0.0, "CHSTEROLt_min": 0.0, "FAS181_min": 0.0, "CYSM_II_min": 0.0, "NARK_min": 0.0, "NAGINSP_min": 0.0, "NADH9_min": 0.0, "NADH10_min": 0.0, "APRAUR_min": 0.0, "MYCSacp58_min": 0.0, "MYCSacp56_min": 0.0, "FAS181_max": 0.0, "MYC1M1_min": 0.0, "HEMEOS_min": 0.0, "FBPA_min": 0.0, "FAS80_L_min": 0.0, "FAS80_L_max": 0.0, "FAS260_min": 0.0, "FAS240_L_min": 0.0, "CHSTEROLt_max": 0.0, "MSHS_min": 0.0, "FAD_2_min": 0.0, "ACChex_min": 0.0, "FAD_27_min": 0.0, "DHFS_min": 0.0, "TDPDRR_min": 0.0, "ECHA191_max": 0.0, "ECHA191_min": 0.0, "ECHA192_max": 0.0, "DCPT_min": 0.0, "ECHA192_min": 0.0, "EMB_min": 0.0, "DCPE_min": 0.0, "ACCC_min": 0.0, "ACCOAC_min": 0.0, "FAD_2_max": 0.0, "FAD_1_min": 0.0, "FAD_20_max": 0.0, "FAD_20_min": 0.0, "FAD_1_max": 0.0, "FAD_21_min": 0.0, "FAD_24_min": 0.0, "FAD_21_max": 0.0, "FAD_24_max": 0.0, "FAD_26_max": 0.0, "FAD_23_min": 0.0, "FAD_26_min": 0.0, "FAD_25_max": 0.0, "FAD_23_max": 0.0, "FAD_27_max": 0.0, "FAD_22_min": 0.0, "FAD_22_max": 0.0, "FAD_25_min": 0.0, "FAD_7_max": 1.0029344980748883e-17, "FAS180_max": 1.9625645006243652e-17, "FAS160_min": 8.186704842851675e-17, "FAS160_max": 2.817747352872561e-16, "MCOATA_max": 0.025900827472690277, "KGD2_max": 0.03488767168957963, "VPAMTr_max": 0.05166147413431384, "PHETA1_max": 0.05166147413431384, "TYRTA_max": 0.051661474134313885, "PPDIMAT_min": 0.05850672948957049, "PREPTHS2_min": 0.05850672948957049, "PGCD_min": 0.06442727717526185, "NARK_max": 0.06822686874355502, "MCOATA_min": 0.06895775756421045, "PGCD_max": 0.06920876653368442, "KGD2_min": 0.07160821711254414, "CAT_min": 0.07465882043826227, "ASNt2r_max": 0.07901390979952211, "ASPt2r_max": 0.07971604833220498, "Kabc_min": 0.10124163348390398, "Kabc_max": 0.10298423288293852, "ALAR_min": 0.10586127561267625, "OXCDC_max": 0.14151010649961698, "MAN1PT2_min": 0.15108292389628894, "MYC1M2_min": 0.15390930378063378, "OXCDC_min": 0.16185335226954212, "PPDIMAT_max": 0.16382255793508982, "PREPTHS2_max": 0.16382255793508982, "PDIMAT_max": 0.16382255793508993, "FACOAL200_max": 0.16382255793508993, "PREPTHS_max": 0.16382255793508993, "NNAM_min": 0.16384545254593993, "CYST_II_min": 0.1686511835313295, "DHPPDA_min": 0.17257494100073661, "DHPPDA2_min": 0.17257494100073661, "NADH2r_min": 0.17855343205909968, "MAN1PT_min": 0.17940628116388627, "FAS200_max": 0.18545090744400575, "ALAR_max": 0.18631363071805215, "MYCSacp50_min": 0.18661314556433292, "MYCSacp56_max": 0.18711786153507406, "FBPA_max": 0.18711865669205446, "DHFR_max": 0.19293539100678297, "DHPPDA_max": 0.19560522051239884, "MAN1PT2_max": 0.20202879975773363, "TMDS_min": 0.21048447905696513, "DHFR_min": 0.21048562034486298, "DHPPDA2_max": 0.21267284340371034, "ALAD_L_max": 0.22989936773804331, "MYC1M1_max": 0.23687457934751247, "HEMEOS_max": 0.23687500588386196, "MYC1M2_max": 0.2368756615516768, "MSHS_max": 0.2368756860612718, "CIGAMS_max": 0.2368756860612718, "NAGINSP_max": 0.2368756860612718, "MYCSacp50_max": 0.23687571683102981, "ACChex_max": 0.23687592702478433, "ACCC_max": 0.23687592702478433, "DCPT_max": 0.2368759995404404, "DCPE_max": 0.2368759995404404, "APRAUR_max": 0.2368760028763839, "FAS260_max": 0.2368760144846322, "FAS240_L_max": 0.2368760144846322, "MYCSacp58_max": 0.23687609794712103, "DHFS_max": 0.23687622636061692, "TDPDRR_max": 0.23687625973725943, "EMB_max": 0.23687625973725943, "MAN1PT_max": 0.2387069291341915, "PPCOAC_max": 0.24564118074427835, "CHORS_max": 0.2577010014086183, "ACCOAC_max": 0.28094067008323603, "FACOAL140_max": 0.29121521536137396, "FACOALPREPH_max": 0.2921095349368726, "FACOAL180_max": 0.2955955712346781, "MCD_max": 0.2997731953513468, "CYST_II_max": 0.3820237886096949, "TMDS_max": 0.47433797886462303, "NNAM_max": 0.5901599247580918}}