{"sampled_map_2": {"FACOAL161_min": -0.33532305185097777, "CYO1b_min": -0.315390543945217, "CYO1b_max": -0.24070435958836459, "FACOALPREPH_min": -0.23043989528253042, "FACOAL180_min": -0.22942152328266657, "CHORS_min": -0.2219822061569419, "FACOAL180_max": -0.22072499426458914, "FACOAL140_max": -0.22071712680799807, "FACOALPREPH_max": -0.22070385231442147, "FACOAL140_min": -0.213786176563019, "NNAM_min": -0.1914682725261163, "NADH5_min": -0.15426918548089394, "DHPPDA2_min": -0.15417817877080203, "DHPPDA_min": -0.15346118519002608, "NADH10_max": -0.15144631425286467, "NADH9_max": -0.14287010148328388, "ALAR_max": -0.133268580824659, "NADH2r_min": -0.1277046135535431, "ADNCYC_max": -0.0741129886497845, "NADH2r_max": -0.06830433397627111, "FACOAL161_max": -0.05851563636473464, "EMB_min": -0.050298067252382846, "TDPDRR_min": -0.050298067252382846, "HEMEOS_min": -0.050298058283936645, "MYC1M2_min": -0.05029805651713254, "MSHS_min": -0.05029805627814277, "CIGAMS_min": -0.05029805627814273, "NAGINSP_min": -0.05029805627814273, "FAS200_min": -0.05029805581033051, "ACChex_min": -0.0502980557198434, "ACCC_min": -0.0502980557198434, "DCPT_min": -0.05029805571155563, "DCPE_min": -0.05029805571155563, "G3PD1ir_min": -0.050298055668432214, "MYCSacp50_min": -0.05029805562972365, "MYCSacp56_min": -0.050298055629723615, "MYCSacp58_min": -0.050298055629723615, "MCOATA_min": -0.050298055623889795, "ALAR_min": -0.05029805557877282, "FAS260_min": -0.05029805557406254, "FAS240_L_min": -0.05029805557406252, "APRAUR_min": -0.05029805550872237, "MYC1M1_min": -0.05029805370175536, "DHFS_min": -0.050298050321297486, "CYST_II_min": -0.04985811764716915, "FAD_8_max": -0.0494309586468107, "CYST_II_max": -0.04162707997489259, "NADH5_max": -0.039732543180959194, "ALAALAr_max": -0.032779365503545155, "ALAALAr_min": -0.02667971017420275, "CHORS_max": -0.023342679904812456, "PDIMAT_max": -0.01919875565246533, "FACOAL200_max": -0.01919875565246533, "PREPTHS_max": -0.019198755652465312, "NNAM_max": -0.015790983088717663, "CAT_min": -0.010715902867503239, "FAD_10_max": -0.009059751279419511, "FAD_9_max": -0.009059751279419511, "PYK_max": -0.005906388790254888, "FAD_3_min": -1.0972710218648968e-16, "FAS180_min": -2.876031504700732e-17, "MYCSacp50_max": -1.5673053086690375e-17, "FAD_7_max": -1.5219701694105063e-17, "FAD_7_min": -1.3360725547532432e-17, "FAS120_min": 0.0, "FAS100_min": 0.0, "TDPDRR_max": 0.0, "TMDS_max": 0.0, "FAD_6_min": 0.0, "FAD_6_max": 0.0, "FAD_5_min": 0.0, "FAD_5_max": 0.0, "FAD_4_min": 0.0, "FAD_4_max": 0.0, "FAD_2_min": 0.0, "FAD_2_max": 0.0, "FAD_27_min": 0.0, "FAS140_min": 0.0, "FAS161_min": 0.0, "MYC1M2_max": 0.0, "FAS181_min": 0.0, "FAD_27_max": 0.0, "MYCSacp56_max": 0.0, "MYCSacp58_max": 0.0, "NADH10_min": 0.0, "MAN1PT2_max": 0.0, "NADH9_min": 0.0, "HEMEOS_max": 0.0, "MYC1M1_max": 0.0, "GXRA_min": 0.0, "FBPA_min": 0.0, "FBPA_max": 0.0, "FAS80_L_min": 0.0, "PDIMAT_min": 0.0, "PPDIMAT_min": 0.0, "FAS240_L_max": 0.0, "PREPTHS2_min": 0.0, "NAGINSP_max": 0.0, "FAD_26_min": 0.0, "ACCC_max": 0.0, "FAD_25_min": 0.0, "ASNt2r_max": 0.0, "FAD_26_max": 0.0, "CHSTEROLt_min": 0.0, "CIGAMS_max": 0.0, "CYSK2_I_max": 0.0, "CYSK2_I_min": 0.0, "DCPE_max": 0.0, "DCPT_max": 0.0, "DHFS_max": 0.0, "ECHA191_max": 0.0, "ECHA191_min": 0.0, "ECHA192_max": 0.0, "ECHA192_min": 0.0, "EMB_max": 0.0, "FACOAL200_min": 0.0, "APRAUR_max": 0.0, "ALAD_L_min": 0.0, "CHSTEROLt_max": 0.0, "FAD_22_min": 0.0, "FAD_23_min": 0.0, "FAD_22_max": 0.0, "FAD_21_min": 0.0, "FAD_21_max": 0.0, "FAD_20_min": 0.0, "FAD_20_max": 0.0, "FAD_23_max": 0.0, "FAD_24_max": 0.0, "FAD_24_min": 0.0, "ACChex_max": 0.0, "FAD_25_max": 0.0, "FAD_1_max": 0.0, "FAD_1_min": 0.0, "FAD_3_max": 3.2525541130718867e-18, "MSHS_max": 1.2206109724986322e-17, "ASPt2r_max": 1.3558459840550904e-17, "FAS260_max": 1.4068502526498668e-17, "PREPTHS_min": 3.113851357658379e-17, "FAS160_min": 1.3704729946386237e-16, "FAD_13_max": 0.0007912545410795213, "FAD_12_max": 0.0007912545410795213, "FAD_11_max": 0.0007912545410795213, "FAD_14_max": 0.0009659784371110613, "FAD_17_max": 0.001596750612034704, "FAD_16_max": 0.0015967506120347183, "FAD_18_max": 0.0015967506120347183, "FAD_19_max": 0.0015967506120347183, "FAD_15_max": 0.0015967506120347183, "G3PD1ir_max": 0.010899333339815045, "PHETA1_min": 0.02278573873838305, "TYRTA_min": 0.02296152652657694, "ALAD_L_max": 0.028834307951248864, "GXRA_max": 0.029957186118473825, "VPAMTr_min": 0.030204003107857876, "FAD_15_min": 0.031040049936716302, "FAD_19_min": 0.031040049936716302, "FAD_18_min": 0.031040049936716302, "FAD_11_min": 0.031040049936716302, "FAD_12_min": 0.031040049936716302, "FAD_13_min": 0.031040049936716302, "FAD_16_min": 0.031040049936716302, "FAD_9_min": 0.03104004993671632, "FAD_10_min": 0.03104004993671632, "FAD_14_min": 0.03104004993671632, "FAD_8_min": 0.03104004993671634, "FAD_17_min": 0.031040049936716354, "MCOATA_max": 0.033641424842458495, "FAS200_max": 0.037234362465190324, "DHFR_min": 0.04072087563309292, "TMDS_min": 0.04259607849251424, "MAN1PT_max": 0.04985811764716918, "MAN1PT2_min": 0.04985811764716918, "MAN1PT_min": 0.04985811764716918, "PGCD_max": 0.05185985030419221, "NARK_min": 0.05187308474925317, "NARK_max": 0.05224217769678759, "PGCD_min": 0.054392169997531443, "PREPTHS2_max": 0.05531721241361027, "PPDIMAT_max": 0.05531721241361027, "CYSM_II_min": 0.07323456171966002, "CYSM_II_max": 0.08343319690898333, "CAT_max": 0.09841722225614347, "ADNCYC_min": 0.1296451517905281, "PPCOAC_min": 0.13504769429866142, "KGD2_max": 0.14185648092337655, "KGD2_min": 0.14478182775338633, "VPAMTr_max": 0.1450762777346209, "PHETA1_max": 0.1509050607607258, "PYK_min": 0.1513817700236269, "DHPPDA2_max": 0.15346118519002616, "DHPPDA_max": 0.1541781787708018, "ASNt2r_min": 0.15426918548089397, "ASPt2r_min": 0.15426918548089397, "TYRTA_max": 0.15991094039421427, "DHFR_max": 0.16529462718821747, "MCD_min": 0.25566863378852794, "PPCOAC_max": 0.341567360303279, "FAS80_L_max": 0.34215216166663553, "FAS160_max": 0.35155588937620896, "FAS100_max": 0.3642795294309136, "FAS140_max": 0.3642795294309136, "FAS120_max": 0.3642795294336241, "FAS181_max": 0.39465447699012246, "Kabc_max": 0.40891902294269333, "FAS180_max": 0.4094996523121405, "Kabc_min": 0.41285741189700953, "OXCDC_min": 0.5063145598841757, "ACCOAC_min": 0.5302053187001435, "MCD_max": 0.5731774596431104, "FAS161_max": 0.6024065886903349, "OXCDC_max": 0.6179359113846401, "ACCOAC_max": 0.6617145396637959}}