{"sampled_map_3": {"NNAM_min": -0.8316791187349043, "PYK_max": -0.3809977953948487, "PYK_min": -0.35990164242900036, "TYRTA_min": -0.3579280369876706, "PHETA1_min": -0.3552290551539915, "ALAD_L_max": -0.30836167904688905, "Kabc_max": -0.30744125108699655, "Kabc_min": -0.29775851146599513, "G3PD1ir_min": -0.2837942453369905, "CYSM_II_min": -0.2803748355847432, "CYSM_II_max": -0.27748477192994303, "ALAR_min": -0.2208465584679983, "NNAM_max": -0.18333430246623744, "G3PD1ir_max": -0.16923725077825807, "ALAR_max": -0.16156519891025775, "FBPA_max": -0.15901349165315803, "MYCSacp56_max": -0.15901349165315803, "PREPTHS2_max": -0.15786984437069201, "PPDIMAT_max": -0.15786984437069201, "GXRA_max": -0.12860998546744418, "NARK_max": -0.1280772792447321, "MCOATA_min": -0.12657470442213267, "DHPPDA_min": -0.11617610513174376, "DHPPDA2_min": -0.11617610513174376, "CAT_min": -0.11164319713742174, "GXRA_min": -0.10105543056872646, "ALAD_L_min": -0.10105543056872646, "FAD_8_max": -0.09769079283872985, "CYST_II_min": -0.09100001493942483, "PPDIMAT_min": -0.0783129401766161, "PREPTHS2_min": -0.0783129401766161, "MAN1PT_max": -0.06229334339373356, "FAD_8_min": -0.05537553999904468, "FAS100_min": -0.055375539999044626, "FAS120_min": -0.055375539999044626, "FAS140_min": -0.055375539999044626, "FAD_15_min": -0.05528743730339702, "FAD_16_min": -0.05528743730339702, "FAD_19_min": -0.05528743730339702, "FAD_18_min": -0.05528743730339702, "FAD_17_min": -0.055287437303396886, "FAD_13_min": -0.05506991670721522, "FAD_12_min": -0.05506991670721522, "FAD_11_min": -0.05506991670721522, "FAD_14_min": -0.05420103545338695, "FAD_9_min": -0.04580927060355805, "FAD_10_min": -0.04580927060355805, "MAN1PT2_min": -0.044938435710419444, "MAN1PT_min": -0.044552959140187566, "CYST_II_max": -0.03908311953631129, "NADH9_min": -0.005876926836203757, "NADH10_min": -0.005876926836203704, "NADH2r_min": -0.005876926836203585, "ASNt2r_min": -0.005584082578940769, "PREPTHS_max": -0.005237412936263382, "PDIMAT_max": -0.005237412936263359, "FACOAL200_max": -0.005237412936263359, "ASPt2r_min": -0.0050854795928981225, "FAD_3_max": -2.1215559085319652e-16, "FAS260_max": -2.1143136711536734e-16, "FAD_3_min": -1.592569011391349e-16, "MYCSacp50_min": -1.2866276262796872e-16, "ASPt2r_max": -1.0423016787912401e-16, "FAD_7_min": -6.121320964433597e-17, "FAS260_min": -6.053477093970944e-17, "MYCSacp50_max": -6.713073787764259e-18, "FAS140_max": -4.3546836771879815e-18, "HEMEOS_max": 0.0, "NAGINSP_max": 0.0, "FAS120_max": 0.0, "NAGINSP_min": 0.0, "FAS100_max": 0.0, "TDPDRR_max": 0.0, "FAD_6_min": 0.0, "FAD_6_max": 0.0, "FAD_5_min": 0.0, "FAD_5_max": 0.0, "FAD_4_min": 0.0, "FAD_4_max": 0.0, "TDPDRR_min": 0.0, "PGCD_max": 0.0, "NADH2r_max": 0.0, "MYCSacp58_max": 0.0, "FBPA_min": 0.0, "FAS80_L_min": 0.0, "FAS80_L_max": 0.0, "HEMEOS_min": 0.0, "FAD_2_min": 0.0, "MYC1M1_max": 0.0, "FAS240_L_min": 0.0, "MYC1M1_min": 0.0, "MYCSacp58_min": 0.0, "FAS240_L_max": 0.0, "FAS200_max": 0.0, "MYC1M2_min": 0.0, "FAS181_min": 0.0, "FAS181_max": 0.0, "FAS161_min": 0.0, "MYCSacp56_min": 0.0, "FAS161_max": 0.0, "MYC1M2_max": 0.0, "FAD_2_max": 0.0, "ACCC_max": 0.0, "FAD_27_max": 0.0, "ECHA192_min": 0.0, "ACChex_min": 0.0, "ECHA191_min": 0.0, "ECHA191_max": 0.0, "ACCC_min": 0.0, "FAD_27_min": 0.0, "DHFS_min": 0.0, "DHFS_max": 0.0, "DCPT_min": 0.0, "DCPT_max": 0.0, "DCPE_min": 0.0, "DCPE_max": 0.0, "CYSK2_I_min": 0.0, "CYSK2_I_max": 0.0, "CYO1b_min": 0.0, "CYO1b_max": 0.0, "CIGAMS_min": 0.0, "CIGAMS_max": 0.0, "CHSTEROLt_min": 0.0, "CHSTEROLt_max": 0.0, "ASNt2r_max": 0.0, "APRAUR_min": 0.0, "APRAUR_max": 0.0, "EMB_max": 0.0, "EMB_min": 0.0, "ECHA192_max": 0.0, "ACChex_max": 0.0, "FAD_20_max": 0.0, "FAD_1_min": 0.0, "FAD_1_max": 0.0, "FAD_20_min": 0.0, "FAD_21_max": 0.0, "FAD_21_min": 0.0, "FAD_22_min": 0.0, "FAD_23_max": 0.0, "FAD_23_min": 0.0, "FAD_22_max": 0.0, "FAD_24_max": 0.0, "FAD_26_min": 0.0, "FAD_24_min": 0.0, "FAD_26_max": 0.0, "FAD_25_min": 0.0, "FAD_25_max": 0.0, "MSHS_max": 1.7287871769504865e-18, "MSHS_min": 9.213200604393184e-18, "FAS180_max": 1.6199177209256944e-17, "FAD_7_max": 2.9358595773620813e-17, "FAS160_min": 9.533874570806335e-17, "NADH5_min": 1.4170344393982147e-16, "FAS160_max": 4.3496614659003144e-16, "CAT_max": 0.007990855283299443, "FAD_9_max": 0.011122362653678077, "FAD_10_max": 0.011122362653678077, "FAD_15_max": 0.018307204743870813, "FAD_18_max": 0.018307204743870816, "FAD_19_max": 0.018307204743870816, "FAD_17_max": 0.01830720474387085, "FAD_16_max": 0.018307204746228156, "FAD_14_max": 0.020020010188641253, "PGCD_min": 0.021473760000792777, "FAD_12_max": 0.021617942680050795, "FAD_13_max": 0.021617942680050795, "FAD_11_max": 0.021617942680050795, "NADH9_max": 0.0218629933943318, "FAS180_min": 0.024655325129481133, "FAS200_min": 0.024655325129481178, "FACOAL161_max": 0.03636197265066757, "TYRTA_max": 0.03868157672624875, "PHETA1_max": 0.03868157672624875, "KGD2_min": 0.040526913646287105, "NARK_min": 0.04226980233486568, "MAN1PT2_max": 0.04455295914018736, "PREPTHS_min": 0.052232182178070595, "FACOAL200_min": 0.052232182178070685, "PDIMAT_min": 0.052232182178070685, "FACOAL161_min": 0.06878319259745869, "ALAALAr_min": 0.0709708037059877, "CHORS_min": 0.07595016662419428, "FACOAL140_min": 0.0774008342063656, "NADH10_max": 0.0804295489199875, "OXCDC_max": 0.09398362375246755, "DHFR_max": 0.0974899703736632, "KGD2_max": 0.10204246577521067, "TMDS_min": 0.11070059668912585, "DHFR_min": 0.11070059668912585, "DHPPDA_max": 0.11617610513174373, "DHPPDA2_max": 0.11617610513174373, "ALAALAr_max": 0.12110169466590427, "NADH5_max": 0.16386835540410594, "OXCDC_min": 0.16873473847413253, "ACCOAC_min": 0.17355018908032133, "FACOALPREPH_max": 0.17752424704752795, "FACOALPREPH_min": 0.17922049829947975, "FACOAL180_max": 0.18042171808165658, "FACOAL140_max": 0.1810880869653474, "FACOAL180_min": 0.18333430246623753, "TMDS_max": 0.2024818833864539, "PPCOAC_min": 0.22042104807636279, "VPAMTr_max": 0.25959765773165056, "MCOATA_max": 0.3275856754447421, "MCD_min": 0.34788931464490647, "CHORS_max": 0.35446970201689515, "VPAMTr_min": 0.36796790817398245, "PPCOAC_max": 0.49531519597278983, "MCD_max": 0.5000022904611997, "ACCOAC_max": 0.5174640353517876, "ADNCYC_max": 0.6225950932649164, "ADNCYC_min": 0.6616122789735706}}