{"sampled_map_0": {"CAT_min": -0.8315429770618874, "MYCSacp50_min": -0.7816741891167701, "DHPPDA_min": -0.7641222227016303, "DHPPDA2_min": -0.7641222227016303, "OXCDC_min": -0.7271087237302252, "MYC1M2_min": -0.7083061529730914, "ADNCYC_max": -0.6564861671101423, "OXCDC_max": -0.6483129985838424, "ADNCYC_min": -0.5613802215342113, "MCD_min": -0.5412851366326713, "PPCOAC_min": -0.5213495539173095, "CYST_II_min": -0.4624131765196123, "ASPt2r_min": -0.4122610512540301, "VPAMTr_min": -0.3834748678969517, "ALAR_min": -0.3339377946511591, "TYRTA_min": -0.2588370403993317, "PHETA1_min": -0.22121642375692432, "Kabc_min": -0.1804983092857718, "ASNt2r_min": -0.17789205982199285, "Kabc_max": -0.1755093950068808, "MCOATA_min": -0.1664846441407696, "ALAD_L_min": -0.16598667255306337, "GXRA_min": -0.16598667255306337, "VPAMTr_max": -0.1536451697057642, "MAN1PT_min": -0.15270321992725186, "MAN1PT2_min": -0.14347272442539902, "PGCD_min": -0.13605176253010834, "PGCD_max": -0.13111430103009036, "MAN1PT_max": -0.12915947287890286, "NARK_max": -0.12798347300501842, "TYRTA_max": -0.11441278746002767, "ALAR_max": -0.10949216155830732, "PHETA1_max": -0.10656075031774624, "ALAALAr_max": -0.10371858916882658, "NADH2r_max": -0.1017179961536615, "KGD2_min": -0.10137673425814776, "NADH9_max": -0.09874198051226903, "NADH5_min": -0.09869743039927557, "MCOATA_max": -0.09684914477475284, "NADH10_max": -0.09070178810625494, "MAN1PT2_max": -0.08407741184498176, "DHPPDA_max": -0.07212561986907712, "DHFR_max": -0.0543534585002114, "CYSM_II_max": -0.043894523432857956, "FACOAL140_min": -0.04053271465204836, "CAT_max": -0.03628518918915835, "CHORS_min": -0.029193350879110347, "FACOALPREPH_min": -0.023685620228061983, "FACOAL180_min": -0.0146523247294288, "KGD2_max": -0.011304812044547499, "NADH2r_min": -0.004543018981611074, "NADH10_min": -0.0030205657543861306, "NADH9_min": -0.0030205657543861094, "CYST_II_max": -1.7543684067038662e-05, "FAS140_max": -1.0028937632376648e-16, "MSHS_min": -6.15045753463603e-17, "FAD_2_min": -1.654444082349635e-17, "ECHA191_min": -1.643902965615323e-17, "FAD_7_max": -5.938056134231732e-18, "FAD_1_max": -4.142656224906441e-18, "ECHA191_max": -7.74160776395928e-19, "FAS160_max": -1.2615898832172614e-19, "MYCSacp58_min": 0.0, "MYCSacp56_min": 0.0, "FAD_23_min": 0.0, "FAD_24_max": 0.0, "FAD_24_min": 0.0, "FAD_25_max": 0.0, "FAD_25_min": 0.0, "FAD_26_max": 0.0, "FAD_26_min": 0.0, "FAD_27_max": 0.0, "FAD_27_min": 0.0, "CHSTEROLt_min": 0.0, "CHSTEROLt_max": 0.0, "FAD_4_max": 0.0, "FAD_4_min": 0.0, "FAD_5_max": 0.0, "FAD_5_min": 0.0, "FAD_6_max": 0.0, "FAD_6_min": 0.0, "APRAUR_min": 0.0, "FAS181_min": 0.0, "FAS181_max": 0.0, "FAS161_min": 0.0, "FAS100_max": 0.0, "FAS161_max": 0.0, "FAS120_max": 0.0, "FAD_22_min": 0.0, "FAD_22_max": 0.0, "FAD_23_max": 0.0, "FAD_21_max": 0.0, "EMB_min": 0.0, "MYC1M1_min": 0.0, "ECHA192_min": 0.0, "ECHA192_max": 0.0, "TDPDRR_min": 0.0, "DHFS_min": 0.0, "DCPT_min": 0.0, "DCPE_min": 0.0, "ACChex_min": 0.0, "NARK_min": 0.0, "FAD_21_min": 0.0, "CYSK2_I_max": 0.0, "CYO1b_min": 0.0, "CYSK2_I_min": 0.0, "HEMEOS_min": 0.0, "FAD_20_min": 0.0, "FAD_20_max": 0.0, "FAD_1_min": 0.0, "CIGAMS_min": 0.0, "FAS240_L_min": 0.0, "ACCC_min": 0.0, "FAS80_L_min": 0.0, "FBPA_min": 0.0, "CYO1b_max": 0.0, "FAS80_L_max": 0.0, "FAD_2_max": 9.549917794092298e-18, "NAGINSP_min": 2.7417592555908633e-17, "FAS260_min": 3.947322605571389e-17, "FAD_3_max": 9.97390999231122e-17, "FAD_7_min": 1.0376546769230768e-16, "FAS180_max": 1.754540261490459e-16, "FAS160_min": 2.8791710319907683e-16, "FAD_3_min": 3.0941591285407435e-16, "NNAM_min": 0.001542557127308326, "PYK_min": 0.004835024204979842, "PYK_max": 0.011995692798166174, "PDIMAT_min": 0.04230638132058493, "FACOAL200_min": 0.04230638132058493, "PREPTHS_min": 0.0423063813205851, "FACOAL161_min": 0.04502452838718456, "ASNt2r_max": 0.057365042578214745, "ASPt2r_max": 0.05815907542533451, "PREPTHS2_max": 0.07118261209166633, "PPDIMAT_max": 0.07118261209166633, "PDIMAT_max": 0.07118261209166644, "FACOAL200_max": 0.07118261209166644, "PREPTHS_max": 0.07118261209166668, "FAS200_min": 0.07395052990230674, "FAS180_min": 0.07395052990230679, "FACOAL161_max": 0.08072081766081168, "FAD_8_max": 0.082292255519833, "FAD_14_max": 0.09009159788362478, "FAD_11_max": 0.09190668463292172, "FAD_12_max": 0.09190668463292172, "FAD_13_max": 0.09190668463292172, "FAD_10_max": 0.09350514617886263, "FAD_9_max": 0.09350514617886263, "FAD_9_min": 0.09462788307425453, "FAD_10_min": 0.09462788307425453, "FAD_14_min": 0.09540380194288935, "FAD_13_min": 0.09548413937111463, "FAD_12_min": 0.09548413937111463, "FAD_11_min": 0.09548413937111463, "FAD_19_min": 0.09550425055019696, "FAD_15_min": 0.09550425055019696, "FAD_18_min": 0.09550425055019696, "FAD_16_min": 0.09550425055019696, "FAD_17_min": 0.09550425055019716, "FAS140_min": 0.09551239786033514, "FAS120_min": 0.09551239786033526, "FAS100_min": 0.09551239786033526, "FAD_8_min": 0.09551239786033532, "FAD_15_max": 0.09650626387942648, "FAD_16_max": 0.09650626387942648, "FAD_19_max": 0.09650626387942648, "FAD_18_max": 0.09650626387942648, "FAD_17_max": 0.09650626387942668, "CYSM_II_min": 0.10646222215041436, "FAS200_max": 0.10833878633900877, "NADH5_max": 0.12273701086284965, "PPDIMAT_min": 0.13290331436087904, "PREPTHS2_min": 0.13290331436087904, "ALAALAr_min": 0.15917606448475044, "GXRA_max": 0.17903697633625393, "DHPPDA2_max": 0.17952605199392016, "G3PD1ir_min": 0.19989215866926766, "G3PD1ir_max": 0.20270569050478218, "CHORS_max": 0.23377043461295965, "MCD_max": 0.3124384544158842, "ACCOAC_max": 0.3130978258533017, "TDPDRR_max": 0.34298667171917996, "EMB_max": 0.34298667171917996, "HEMEOS_max": 0.34300006886768036, "MYC1M2_max": 0.343000818661929, "DCPT_max": 0.34300129461023604, "DCPE_max": 0.34300129461023604, "ACChex_max": 0.3430013782585045, "ACCC_max": 0.3430013782585045, "FAS240_L_max": 0.3430014888127701, "FAS260_max": 0.3430014888127703, "APRAUR_max": 0.343001538148187, "MYCSacp58_max": 0.3430016264571599, "MYCSacp50_max": 0.34300169340938824, "CIGAMS_max": 0.3430017301127689, "NAGINSP_max": 0.34300173011276897, "MSHS_max": 0.3430017301127691, "MYC1M1_max": 0.3430041092961034, "DHFS_max": 0.34301482366107816, "TMDS_max": 0.34752485323928634, "TMDS_min": 0.3631832081468622, "DHFR_min": 0.3631832081468624, "ALAD_L_max": 0.3935231726148913, "PPCOAC_max": 0.3962748335567861, "MYCSacp56_max": 0.4190026600538995, "FBPA_max": 0.4190079940900642, "ACCOAC_min": 0.46242993327249554, "FACOALPREPH_max": 0.4739585039095791, "FACOAL180_max": 0.48630007026725763, "FACOAL140_max": 0.516801447665574, "NNAM_max": 0.6784036212826058}}