{"sampled_map_0": {"ASPt2r_min": -0.3571349222911974, "MCD_min": -0.3259936550997548, "PREPTHS2_min": -0.30719414330944916, "PPDIMAT_min": -0.30719414330944916, "FAS180_min": -0.30608036559766777, "FAS200_min": -0.30608036559766755, "FACOAL200_min": -0.30548256786138434, "PDIMAT_min": -0.30548256786138434, "PREPTHS_min": -0.3054825678613843, "PPCOAC_min": -0.27722868933483286, "ASNt2r_min": -0.200599978381028, "CHORS_min": -0.1360046702505281, "CYSM_II_max": -0.132390363861334, "G3PD1ir_min": -0.13046639648807334, "CYST_II_min": -0.11790144132285127, "Kabc_min": -0.11487685799187115, "G3PD1ir_max": -0.11034245442193384, "PHETA1_min": -0.10696185920108604, "ADNCYC_max": -0.09876354407594802, "Kabc_max": -0.09544778506351331, "TMDS_max": -0.0873740505518024, "ALAD_L_min": -0.07487164732004682, "GXRA_min": -0.07487164732004682, "TYRTA_min": -0.07371244147252114, "ADNCYC_min": -0.06758158789294888, "CYSM_II_min": -0.06336609655328168, "VPAMTr_min": -0.06097783391873547, "MYCSacp56_max": -0.05570113120425406, "FBPA_max": -0.05569975301578746, "PGCD_min": -0.055245560166801294, "FACOAL140_min": -0.04552073235850481, "NARK_max": -0.04485554156812886, "CYO1b_max": -0.044754010404865395, "DHPPDA2_max": -0.03452553586049515, "PGCD_max": -0.03346198147155129, "DHFR_min": -0.03329518693104584, "TMDS_min": -0.03329509458040887, "MYC1M2_min": -0.03174169700376231, "FAD_10_min": -0.023116037342176935, "FAD_9_min": -0.023116037342176935, "FAD_14_min": -0.022289987832214173, "FAD_13_min": -0.022204458782781832, "FAD_11_min": -0.022204458782781832, "FAD_12_min": -0.022204458782781832, "FAD_15_min": -0.02218304688067486, "FAD_18_min": -0.02218304688067486, "FAD_16_min": -0.02218304688067486, "FAD_19_min": -0.02218304688067486, "FAD_17_min": -0.022183046880674732, "FAD_8_min": -0.02217437452764843, "FAS100_min": -0.022174374527648234, "FAS120_min": -0.022174374527648234, "FAS140_min": -0.022174374527648172, "FACOALPREPH_min": -0.0018885400355167828, "FAD_3_min": -9.605231988428481e-17, "NAGINSP_min": -8.461374537854156e-17, "MSHS_min": -7.123679516472233e-17, "FAS260_min": -1.1109806664828398e-17, "FAD_2_max": -1.656463038833009e-19, "ECHA191_max": -2.1470343439271953e-24, "CHSTEROLt_min": -3.2802982188548613e-31, "ACCC_min": -2.0759771302542806e-31, "CHSTEROLt_max": -1.8096167782436415e-31, "FAD_25_min": -2.0808689863068457e-32, "FAD_21_min": -1.0163936653240981e-32, "FAD_4_min": -4.948619424684363e-34, "ECHA192_max": -4.580687793088445e-34, "FAD_27_min": 0.0, "FAD_27_max": 0.0, "FAD_26_min": 0.0, "FAD_5_max": 0.0, "FAD_26_max": 0.0, "FAD_5_min": 0.0, "FAD_6_max": 0.0, "FAD_6_min": 0.0, "DCPE_min": 0.0, "EMB_min": 0.0, "FAS161_min": 0.0, "CYSK2_I_max": 0.0, "FAD_22_min": 0.0, "FBPA_min": 0.0, "HEMEOS_min": 0.0, "MYC1M1_min": 0.0, "MYCSacp56_min": 0.0, "MYCSacp58_min": 0.0, "APRAUR_min": 0.0, "ACChex_min": 0.0, "TDPDRR_min": 0.0, "CYSK2_I_min": 0.0, "FAS240_L_min": 0.0, "CYO1b_min": 0.0, "FAD_20_min": 0.0, "FAD_20_max": 0.0, "FAD_22_max": 0.0, "DCPT_min": 0.0, "DHFS_min": 0.0, "FAD_23_max": 2.186406506978423e-37, "FAD_23_min": 4.820085516370404e-37, "FAS181_min": 1.7709572649219664e-34, "FAD_4_max": 4.792802755987288e-34, "ECHA192_min": 1.1444164211894131e-33, "CIGAMS_min": 2.367068203604171e-32, "FAD_24_min": 5.593074260978559e-32, "FAD_25_max": 1.584996713573058e-31, "FAD_21_max": 2.0116354805709425e-31, "FAD_24_max": 2.5854713411419076e-31, "FAS80_L_min": 3.8829147272864546e-31, "FAD_1_min": 2.4683147857580187e-27, "FAD_1_max": 3.9525865369090955e-26, "FAD_2_min": 6.767897529957021e-23, "ECHA191_min": 1.6203207034470438e-22, "FAD_3_max": 6.680260105733823e-17, "FAD_7_min": 1.1043716571645044e-16, "FAD_7_max": 1.6814236412223257e-16, "FAS160_min": 2.969936631442101e-16, "ALAALAr_min": 0.0030252337213015714, "ALAALAr_max": 0.005915862975844486, "FAS200_max": 0.008127799333288013, "EMB_max": 0.008286145430960085, "TDPDRR_max": 0.008286145430960085, "HEMEOS_max": 0.008286468459266774, "MYC1M1_max": 0.008286688957899519, "MYC1M2_max": 0.008286844294421416, "MYCSacp50_max": 0.008286879951837444, "MSHS_max": 0.008286899524751238, "NAGINSP_max": 0.008286899524751349, "CIGAMS_max": 0.008286899524751364, "ACChex_max": 0.008286918735022237, "ACCC_max": 0.008286918735022237, "DCPT_max": 0.008286932781650548, "DCPE_max": 0.008286932781650548, "FAS240_L_max": 0.00828693910840486, "FAS260_max": 0.008286939108404959, "APRAUR_max": 0.008286940004423385, "MYCSacp58_max": 0.008287000696208555, "DHFS_max": 0.008288178491102286, "NARK_min": 0.010938173015618322, "MAN1PT2_max": 0.01521014781857114, "FACOAL180_min": 0.015991990214948727, "DHFR_max": 0.021396490919925883, "NNAM_min": 0.02840286275949738, "ALAR_max": 0.033388283411801806, "KGD2_min": 0.03526255563970931, "ALAR_min": 0.04237922239877827, "MAN1PT_max": 0.04503418990509637, "ALAD_L_max": 0.04861442403845876, "CYST_II_max": 0.04947009429856284, "MCOATA_max": 0.0546916591626792, "MAN1PT2_min": 0.05547360318755223, "GXRA_max": 0.058991678051365175, "MCOATA_min": 0.06100495256851527, "MAN1PT_min": 0.06233124737087574, "FAD_14_max": 0.06672948931171171, "MYCSacp50_min": 0.07639819227531419, "OXCDC_max": 0.07990850560961134, "KGD2_max": 0.0875351683884981, "FAD_19_max": 0.09071437838667083, "FAD_16_max": 0.09071437838667083, "FAD_18_max": 0.09071437838667083, "FAD_15_max": 0.09071437838667083, "FAD_17_max": 0.09071437838667086, "ASNt2r_max": 0.09146471467482703, "ASPt2r_max": 0.09189013498436262, "CHORS_max": 0.09582046460321574, "PPCOAC_max": 0.1024237794997737, "FAD_12_max": 0.10388665556364651, "FAD_11_max": 0.10388665556364651, "FAD_13_max": 0.10388665556364651, "MCD_max": 0.10635796640737409, "PREPTHS2_max": 0.11096673301420225, "PPDIMAT_max": 0.11096673301420225, "ACCOAC_max": 0.11228757145692775, "PREPTHS_max": 0.11270509794691837, "FACOAL200_max": 0.11270509794691858, "PDIMAT_max": 0.11270509794691858, "FAD_9_max": 0.11457078060095134, "FAD_10_max": 0.11457078060095134, "OXCDC_min": 0.12073846929783573, "FACOAL161_min": 0.13462980029292806, "FACOALPREPH_max": 0.13948940941104784, "FACOAL180_max": 0.1404402429951355, "NADH2r_min": 0.14088378386397712, "NADH9_min": 0.141441561097952, "NADH10_min": 0.14144156109795206, "FACOAL140_max": 0.14943541501037041, "DHPPDA2_min": 0.15125308875193158, "DHPPDA_min": 0.1522605652460407, "DHPPDA_max": 0.15648506815875876, "FAD_8_max": 0.1593576663597839, "FACOAL161_max": 0.16095887683517068, "FAS180_max": 0.16642880279538647, "FAS181_max": 0.1678064029157914, "FAS140_max": 0.1707804132709301, "FAS100_max": 0.1707804132709301, "FAS120_max": 0.1707804132709301, "FAS160_max": 0.17092253431048768, "FAS161_max": 0.17106402120560024, "FAS80_L_max": 0.17107861569843497, "NADH10_max": 0.17803878763906472, "NADH2r_max": 0.18585811704280428, "NADH9_max": 0.1879873473044015, "PHETA1_max": 0.19742836905223365, "TYRTA_max": 0.20813328977866377, "ACCOAC_min": 0.2336706882420913, "VPAMTr_max": 0.2616199881015855, "NADH5_min": 0.2620527493947094, "NADH5_max": 0.2792603576900586, "CAT_max": 0.30129463759589264, "CAT_min": 0.3096469435570915, "PYK_min": 0.3124839215562912, "PYK_max": 0.3474073836406004, "NNAM_max": 0.40346457567501914}}