{"sampled_map_2": {"NADH2r_min": -0.5089215744544994, "PPCOAC_min": -0.31984148502257587, "MCD_max": -0.3161177472553543, "PPCOAC_max": -0.3161025181831037, "FACOALPREPH_min": -0.2746904665911642, "NARK_min": -0.2721487584704504, "FACOAL180_min": -0.2684412140565957, "NARK_max": -0.26726169171051, "FACOAL140_min": -0.2637200980162266, "MCD_min": -0.25176427088409037, "FAS180_max": -0.2418115735631318, "CYO1b_min": -0.23291816184747216, "CYO1b_max": -0.2315556473854683, "ACCOAC_max": -0.23009036755156512, "FACOAL180_max": -0.21974501999719434, "FACOAL140_max": -0.21973945458767538, "FACOALPREPH_max": -0.21964513717761147, "FAS161_max": -0.2168394757645075, "FAS80_L_max": -0.21257033145408222, "FAS120_max": -0.2114569682711149, "FAS100_max": -0.2114569682711149, "FAS140_max": -0.2114569682711149, "FAS160_max": -0.209286214345711, "ACCOAC_min": -0.20889938730201343, "FAS181_max": -0.20259225793454494, "FAD_8_min": -0.1910733777426869, "FAD_19_min": -0.19105680046861853, "FAD_15_min": -0.19105680046861853, "FAD_18_min": -0.19105680046861853, "FAD_17_min": -0.19105680046861853, "FAD_16_min": -0.19105680046861853, "FAD_11_min": -0.19101587225264105, "FAD_12_min": -0.19101587225264105, "FAD_13_min": -0.19101587225264105, "FAD_14_min": -0.19085238526102893, "FAD_10_min": -0.18927340691518485, "FAD_9_min": -0.18927340691518485, "FACOAL161_min": -0.18895350214513507, "MAN1PT_min": -0.16417063861068493, "MAN1PT_max": -0.16417063861068493, "MAN1PT2_min": -0.16417063861068493, "FACOAL161_max": -0.14476779503469986, "PGCD_min": -0.14340053732937993, "DHPPDA2_max": -0.13687714775173399, "DHPPDA_max": -0.13687714775173399, "PGCD_max": -0.12761450359394538, "NNAM_min": -0.12340816193446652, "ALAR_max": -0.12052944027451155, "ALAALAr_max": -0.10975189161011331, "PHETA1_min": -0.10337481989899996, "TYRTA_min": -0.1023908767175825, "ADNCYC_max": -0.09418631609210124, "NADH10_max": -0.09074219647941385, "NADH9_max": -0.09074219647941385, "NADH2r_max": -0.09074219647941383, "ALAALAr_min": -0.0819553076925289, "MCOATA_min": -0.08011539034245156, "DCPE_min": -0.08011539034245156, "G3PD1ir_min": -0.08011539034245156, "HEMEOS_min": -0.08011539034245156, "TDPDRR_min": -0.08011539034245156, "FAS200_min": -0.08011539034245156, "ACChex_min": -0.08011539034245156, "ACCC_min": -0.08011539034245156, "ALAR_min": -0.08011539034245156, "MSHS_min": -0.08011539034245156, "APRAUR_min": -0.08011539034245156, "CIGAMS_min": -0.08011539034245156, "DCPT_min": -0.08011539034245156, "MYCSacp58_min": -0.08011539034245156, "MYC1M1_min": -0.08011539034245156, "EMB_min": -0.08011539034245156, "DHFS_min": -0.08011539034245156, "NAGINSP_min": -0.08011539034245156, "MYCSacp50_min": -0.08011539034245156, "MYCSacp56_min": -0.08011539034245156, "FAS240_L_min": -0.08011539034245146, "FAS260_min": -0.08011539034245146, "MYC1M2_min": -0.08011539034245146, "OXCDC_min": -0.0686640189609305, "CYSM_II_max": -0.03700801692411493, "MCOATA_max": -0.008625979781548592, "G3PD1ir_max": -0.002086469775250824, "FAS180_min": -1.6163080051557159e-16, "FAD_3_max": -1.5266878147093282e-16, "FAD_7_max": -1.0063256088537779e-16, "FAD_3_min": -8.764529263582444e-17, "CAT_min": -4.1447935025299135e-17, "FAS161_min": 0.0, "MYCSacp58_max": 0.0, "MYCSacp56_max": 0.0, "FAS120_min": 0.0, "NADH10_min": 0.0, "FAS181_min": 0.0, "FAS100_min": 0.0, "TMDS_max": 0.0, "FAS140_min": 0.0, "MYC1M1_max": 0.0, "FAS260_max": 0.0, "MSHS_max": 0.0, "MYC1M2_max": 0.0, "PPDIMAT_min": 0.0, "PREPTHS2_min": 0.0, "PREPTHS_min": 0.0, "NAGINSP_max": 0.0, "NADH9_min": 0.0, "TDPDRR_max": 0.0, "MAN1PT2_max": 0.0, "HEMEOS_max": 0.0, "GXRA_min": 0.0, "MYCSacp50_max": 0.0, "FBPA_min": 0.0, "PDIMAT_min": 0.0, "FAS80_L_min": 0.0, "FAS240_L_max": 0.0, "FBPA_max": 0.0, "ACCC_max": 0.0, "FAD_1_min": 0.0, "FAD_21_max": 0.0, "FAD_20_min": 0.0, "FAD_20_max": 0.0, "ALAD_L_min": 0.0, "APRAUR_max": 0.0, "FAD_1_max": 0.0, "ASNt2r_max": 0.0, "CHSTEROLt_max": 0.0, "CHSTEROLt_min": 0.0, "CIGAMS_max": 0.0, "FACOAL200_min": 0.0, "CYSK2_I_max": 0.0, "EMB_max": 0.0, "ECHA192_min": 0.0, "ECHA192_max": 0.0, "ECHA191_min": 0.0, "ECHA191_max": 0.0, "CYSK2_I_min": 0.0, "CYSM_II_min": 0.0, "DHFS_max": 0.0, "DCPT_max": 0.0, "FAD_21_min": 0.0, "FAD_22_max": 0.0, "DCPE_max": 0.0, "FAD_23_max": 0.0, "FAD_2_min": 0.0, "FAD_2_max": 0.0, "FAD_4_min": 0.0, "FAD_27_min": 0.0, "FAD_22_min": 0.0, "FAD_27_max": 0.0, "FAD_5_max": 0.0, "FAD_26_min": 0.0, "FAD_5_min": 0.0, "FAD_4_max": 0.0, "ACChex_max": 0.0, "FAD_26_max": 0.0, "FAD_25_min": 0.0, "FAD_25_max": 0.0, "FAD_6_min": 0.0, "FAD_24_min": 0.0, "FAD_24_max": 0.0, "FAD_23_min": 0.0, "FAD_6_max": 0.0, "ASPt2r_max": 1.0714237780403747e-19, "FAS160_min": 1.5674888746308484e-17, "FAD_7_min": 1.6247457307934742e-17, "NADH5_min": 3.45465624122378e-17, "NADH5_max": 9.624743802101874e-17, "OXCDC_max": 0.029570879583595507, "VPAMTr_min": 0.04953311793385862, "TYRTA_max": 0.05677375578184818, "NNAM_max": 0.05940281713275405, "PHETA1_max": 0.06563261432980914, "VPAMTr_max": 0.07136624240796037, "DHFR_max": 0.08011539034245152, "GXRA_max": 0.08195530769252887, "ALAD_L_max": 0.0819553076925289, "CYST_II_min": 0.10476782147793089, "PDIMAT_max": 0.10679517907695528, "PREPTHS_max": 0.10679517907695528, "FACOAL200_max": 0.10679517907695528, "PYK_min": 0.12052944027451146, "ASPt2r_min": 0.13304828195247065, "ASNt2r_min": 0.13304828195247068, "DHPPDA2_min": 0.136877147751734, "DHPPDA_min": 0.136877147751734, "FAD_17_max": 0.15072241120459418, "FAD_19_max": 0.15072241120459418, "FAD_18_max": 0.15072241120459418, "FAD_16_max": 0.15072241120459418, "FAD_8_max": 0.15072241120459418, "FAD_10_max": 0.15072241120459418, "FAD_9_max": 0.15072241120459418, "FAD_14_max": 0.15072241120459418, "FAD_15_max": 0.15072241120459418, "FAD_13_max": 0.15072241120459418, "FAD_11_max": 0.15072241120459418, "FAD_12_max": 0.15072241120459418, "CYST_II_max": 0.1621078723043524, "Kabc_max": 0.22015373078338132, "Kabc_min": 0.22864520953481235, "CHORS_max": 0.24449295709676525, "ADNCYC_min": 0.25877075000541916, "FAS200_max": 0.26917423471447466, "CAT_max": 0.27022837912125625, "DHFR_min": 0.2847838785152001, "TMDS_min": 0.28672369524197455, "PYK_max": 0.33163252375498115, "CHORS_min": 0.348364408076305, "PREPTHS2_max": 0.35156885169917845, "PPDIMAT_max": 0.35156885169917845, "KGD2_min": 0.5731748660399711, "KGD2_max": 0.5828003085334436}}