{"sampled_map_0": {"MYCSacp50_min": -0.5055791926124599, "MYC1M2_min": -0.477886167920989, "OXCDC_max": -0.38104349430675355, "OXCDC_min": -0.35131999856375973, "PPCOAC_min": -0.33787630250437917, "MCD_min": -0.29540454553572476, "PREPTHS_max": -0.29475078762269313, "FACOAL200_max": -0.2947507876226931, "PDIMAT_max": -0.2947507876226931, "PREPTHS2_max": -0.2947507876226931, "PPDIMAT_max": -0.2947507876226931, "FAS200_max": -0.2799100854964645, "CYSM_II_min": -0.2741528968425852, "CYSM_II_max": -0.27135757333193683, "DHPPDA_min": -0.26673508388959416, "DHPPDA2_min": -0.26673508388959416, "ALAR_min": -0.21872467025692338, "ALAALAr_min": -0.2148201516707789, "ALAALAr_max": -0.1847396467761492, "NADH10_min": -0.16191325736446047, "NADH9_min": -0.16191325736446044, "NADH2r_min": -0.1608236703852939, "ASPt2r_min": -0.1588725875312389, "KGD2_min": -0.1384953925257341, "NADH10_max": -0.13311016324425498, "G3PD1ir_min": -0.13217718982870952, "VPAMTr_max": -0.13187015174573835, "NADH2r_max": -0.13183803292052035, "G3PD1ir_max": -0.12896064214552275, "NADH9_max": -0.12874907107456868, "PGCD_max": -0.11839521437041169, "NARK_max": -0.11620142003223946, "PGCD_min": -0.11444417408092802, "ALAR_max": -0.10371504912791958, "VPAMTr_min": -0.10203538011090489, "TYRTA_max": -0.0969629960183688, "ASNt2r_min": -0.09129292483689254, "PHETA1_max": -0.08997661722582147, "CAT_min": -0.08835123984907643, "FAS180_min": -0.07146195463795728, "PREPTHS_min": -0.07146195463795721, "FACOAL200_min": -0.07146195463795717, "FAS200_min": -0.07146195463795717, "PDIMAT_min": -0.07146195463795717, "FACOAL161_min": -0.07146195463795711, "FACOAL140_min": -0.07146195463795711, "FACOALPREPH_min": -0.07146195463795711, "FACOAL180_min": -0.07146195463795711, "DHPPDA_max": -0.06409379484230703, "TYRTA_min": -0.05455212195832894, "ALAD_L_min": -0.04692758908155906, "GXRA_min": -0.04692758908155906, "PHETA1_min": -0.035521029411787794, "DHFR_min": -0.01745981816990695, "TMDS_min": -0.017459818169906945, "TDPDRR_max": -0.012289299922622171, "EMB_max": -0.012289299922622171, "HEMEOS_max": -0.012288066089692885, "FAS260_max": -0.012287039140701008, "FAS240_L_max": -0.012287039140701, "ACCC_max": -0.012287028259734824, "ACChex_max": -0.012287028259734824, "DCPE_max": -0.012287028259734824, "DCPT_max": -0.012287028259734824, "MYC1M2_max": -0.0122870282597348, "MYCSacp50_max": -0.012287028259734717, "APRAUR_max": -0.012287028259734666, "MYC1M1_max": -0.012287028259734666, "MSHS_max": -0.012286901502444733, "CIGAMS_max": -0.012286901502444655, "NAGINSP_max": -0.012286901502444655, "MYCSacp58_max": -0.012286844278499043, "DHFS_max": -0.012282877102189442, "Kabc_max": -0.005638788401272425, "Kabc_min": -0.005519655337424489, "DHPPDA2_max": -0.004036393386427241, "FAS160_max": -2.7090817170207535e-17, "FAD_3_min": -2.10743164275846e-17, "FAS260_min": -6.245543764835117e-18, "FAS140_max": -1.1907460285450097e-18, "MYCSacp58_min": 0.0, "MYC1M1_min": 0.0, "ACChex_min": 0.0, "PREPTHS2_min": 0.0, "PPDIMAT_min": 0.0, "FAS100_max": 0.0, "CIGAMS_min": 0.0, "FAS120_max": 0.0, "APRAUR_min": 0.0, "NAGINSP_min": 0.0, "MYCSacp56_min": 0.0, "NARK_min": 0.0, "FAS161_max": 0.0, "FAS161_min": 0.0, "ECHA192_min": 0.0, "FAS181_max": 0.0, "FAS181_min": 0.0, "ECHA192_max": 0.0, "ECHA191_min": 0.0, "ECHA191_max": 0.0, "FAS240_L_min": 0.0, "CHSTEROLt_min": 0.0, "FAS80_L_max": 0.0, "FAS80_L_min": 0.0, "CYO1b_min": 0.0, "FBPA_min": 0.0, "DHFS_min": 0.0, "HEMEOS_min": 0.0, "CHSTEROLt_max": 0.0, "FAD_6_max": 0.0, "FAD_6_min": 0.0, "FAD_5_max": 0.0, "FAD_23_max": 0.0, "FAD_22_min": 0.0, "FAD_22_max": 0.0, "FAD_21_min": 0.0, "FAD_21_max": 0.0, "FAD_20_min": 0.0, "FAD_23_min": 0.0, "FAD_20_max": 0.0, "FAD_1_max": 0.0, "CYSK2_I_max": 0.0, "CYSK2_I_min": 0.0, "TDPDRR_min": 0.0, "DCPE_min": 0.0, "ACCC_min": 0.0, "FAD_1_min": 0.0, "FAD_5_min": 0.0, "DCPT_min": 0.0, "FAD_24_min": 0.0, "FAD_4_min": 0.0, "FAD_4_max": 0.0, "EMB_min": 0.0, "CYO1b_max": 0.0, "FAD_24_max": 0.0, "FAD_2_max": 0.0, "FAD_2_min": 0.0, "FAD_27_max": 0.0, "FAD_26_min": 0.0, "FAD_26_max": 0.0, "FAD_25_min": 0.0, "FAD_25_max": 0.0, "FAD_27_min": 0.0, "FAD_7_min": 2.6133035939775123e-18, "FAS180_max": 3.733664932225329e-18, "FAD_7_max": 5.6775516758614406e-18, "MSHS_min": 1.2161568362490707e-17, "FAS160_min": 1.6364356598073782e-17, "FAD_3_max": 1.2004491135934737e-16, "FAD_8_max": 1.2291154827234975e-16, "CAT_max": 0.0011327792599013934, "FBPA_max": 0.006150440439559502, "MYCSacp56_max": 0.006151849210785385, "DHFR_max": 0.022930651393158415, "MCOATA_min": 0.025641370070713893, "NADH5_min": 0.03007522444394002, "PPCOAC_max": 0.030850434371528665, "MCOATA_max": 0.04273903296297949, "CHORS_max": 0.04598316732348436, "NNAM_min": 0.05138657332432234, "MAN1PT2_max": 0.054074834221088566, "ASNt2r_max": 0.058974437122015715, "ASPt2r_max": 0.05912147390596821, "MAN1PT2_min": 0.06167029428326285, "MAN1PT_min": 0.06960860379111335, "FACOAL161_max": 0.07146195463795722, "KGD2_max": 0.07341802934602862, "MCD_max": 0.08004078392922737, "ACCOAC_max": 0.08053636900517154, "PYK_min": 0.08357041604133385, "FACOALPREPH_max": 0.08751599857017917, "GXRA_max": 0.08775781737850202, "PYK_max": 0.08822897679945711, "MAN1PT_max": 0.08879229443606802, "FAD_12_max": 0.09051903795656442, "FAD_13_max": 0.09051903795656442, "FAD_11_max": 0.09051903795656442, "FAD_14_max": 0.09138109078154191, "FACOAL180_max": 0.09183301417665793, "FACOAL140_max": 0.09862854808478272, "FAD_9_max": 0.10634357336351524, "FAD_10_max": 0.10634357336351524, "FAD_17_max": 0.1130591016364278, "FAD_18_max": 0.11305910163642781, "FAD_19_max": 0.11305910163642781, "FAD_15_max": 0.11305910163642781, "FAD_16_max": 0.11305910163642781, "ALAD_L_max": 0.11791860463896373, "NADH5_max": 0.12157841930477742, "ACCOAC_min": 0.12912434452689955, "TMDS_max": 0.12978085173248413, "CHORS_min": 0.14509370942192668, "CYST_II_max": 0.16257964008030715, "CYST_II_min": 0.18963852885501795, "FAD_17_min": 0.21462051686020492, "FAD_18_min": 0.21462051686020492, "FAD_19_min": 0.21462051686020492, "FAD_16_min": 0.21462051686020492, "FAD_15_min": 0.21462051686020492, "FAD_8_min": 0.21462051808121704, "FAD_13_min": 0.2146205180812171, "FAS100_min": 0.2146205180812171, "FAD_11_min": 0.2146205180812171, "FAS120_min": 0.2146205180812171, "FAS140_min": 0.2146205180812171, "FAD_10_min": 0.2146205180812171, "FAD_9_min": 0.2146205180812171, "FAD_12_min": 0.2146205180812171, "FAD_14_min": 0.21462051904952145, "NNAM_max": 0.29577994561258103, "ADNCYC_max": 0.3019198395687104, "ADNCYC_min": 0.32770806120086654}}