{"sampled_map_4": {"ASPt2r_min": -0.6885686470368438, "ASNt2r_min": -0.39079994201556884, "CYST_II_min": -0.34291109141024173, "CYST_II_max": -0.25957125599391867, "NADH2r_max": -0.2295591375639469, "NADH10_max": -0.22193055555590271, "NADH9_max": -0.2189090527826996, "DHPPDA_min": -0.18739873350908204, "DHPPDA2_min": -0.18739873350908204, "NADH2r_min": -0.17887940489196544, "DHPPDA_max": -0.1385210560409621, "CYO1b_max": -0.1356609936023295, "Kabc_min": -0.1261205850696098, "NADH9_min": -0.11761647445343687, "NADH10_min": -0.11755693312669029, "ACCOAC_min": -0.10842202720605232, "Kabc_max": -0.09014732567984195, "PGCD_min": -0.07484754197170577, "CYSM_II_max": -0.0743830015009181, "CHORS_min": -0.0743426842306082, "CAT_max": -0.060817050507364294, "G3PD1ir_max": -0.06057196587701319, "ALAALAr_max": -0.0597887532821244, "NARK_max": -0.0591951784719273, "ADNCYC_min": -0.05475080250154383, "NARK_min": -0.05421510032388224, "PHETA1_min": -0.049160006636420416, "TYRTA_min": -0.048756159546546766, "FACOAL140_min": -0.041211739187131606, "ALAR_min": -0.039127675767533426, "ADNCYC_max": -0.038687766259696596, "PGCD_max": -0.03608685298191208, "MCOATA_max": -0.034907536458962274, "ALAALAr_min": -0.034254448199604215, "CYSM_II_min": -0.028161607870787694, "PHETA1_max": -0.027430520300256115, "TYRTA_max": -0.027221368933499874, "ACCOAC_max": -0.025806845814076017, "MCD_max": -0.023964705199315872, "DHFR_min": -0.019503114767966852, "KGD2_min": -0.016467058796326844, "DHPPDA2_max": -0.01623402511927742, "OXCDC_max": -0.011460216995004876, "FAD_9_min": -0.011273037328642044, "FAD_10_min": -0.011273037328642044, "FAD_14_min": -0.010074112698435472, "FAD_13_min": -0.009949976763539812, "FAD_12_min": -0.009949976763539812, "FAD_11_min": -0.009949976763539812, "FAD_17_min": -0.009918900271134881, "FAD_19_min": -0.009918900271134875, "FAD_16_min": -0.009918900271134875, "FAD_15_min": -0.009918900271134875, "FAD_18_min": -0.009918900271134875, "FAS100_min": -0.009906312625997997, "FAS120_min": -0.009906312625997997, "FAS140_min": -0.009906312625997997, "FAD_8_min": -0.009906312625997952, "G3PD1ir_min": -0.009577225178022527, "FACOAL200_min": -0.00889127981863577, "PDIMAT_min": -0.00889127981863577, "PREPTHS_min": -0.008891279818635751, "VPAMTr_min": -0.0059894168319637895, "VPAMTr_max": -0.005637857934984893, "FAS180_min": -0.0053420724576601075, "FAS200_min": -0.005342072457659937, "MYCSacp50_max": -1.5192375952217837e-16, "FAS160_min": -1.027227333690024e-16, "MYCSacp50_min": -5.229205032598828e-17, "FAS260_max": -5.077928125157676e-17, "FAD_3_max": -4.977353020009177e-17, "FAS260_min": -2.780434062998733e-17, "MSHS_min": -1.5799359856907365e-17, "MSHS_max": -2.65641472557925e-18, "FAD_7_min": -2.4452860680725812e-18, "NAGINSP_max": -6.534213335929836e-22, "FAD_2_max": -7.355526419078067e-33, "ECHA191_min": -4.4354055205395575e-33, "FAD_1_min": -4.3016009324126036e-34, "FAD_1_max": -4.0762817973491544e-34, "FAD_5_max": 0.0, "TDPDRR_min": 0.0, "TDPDRR_max": 0.0, "FAD_6_min": 0.0, "MYCSacp58_min": 0.0, "FAD_6_max": 0.0, "FAD_4_max": 0.0, "MYCSacp58_max": 0.0, "FAD_4_min": 0.0, "FAD_5_min": 0.0, "HEMEOS_max": 0.0, "FAS181_min": 0.0, "HEMEOS_min": 0.0, "MYCSacp56_min": 0.0, "FAS240_L_max": 0.0, "MYCSacp56_max": 0.0, "FAS240_L_min": 0.0, "MYC1M2_min": 0.0, "FAS80_L_min": 0.0, "FBPA_min": 0.0, "MYC1M2_max": 0.0, "MYC1M1_min": 0.0, "GXRA_min": 0.0, "MAN1PT2_max": 0.0, "FAS161_min": 0.0, "MYC1M1_max": 0.0, "ACCC_max": 0.0, "FAD_27_min": 0.0, "FAD_21_max": 0.0, "CIGAMS_max": 0.0, "FAD_20_min": 0.0, "CIGAMS_min": 0.0, "FAD_20_max": 0.0, "CYSK2_I_max": 0.0, "CYSK2_I_min": 0.0, "CHSTEROLt_min": 0.0, "DCPE_max": 0.0, "DCPT_max": 0.0, "DCPT_min": 0.0, "DHFS_max": 0.0, "DHFS_min": 0.0, "ECHA192_max": 0.0, "ECHA192_min": 0.0, "EMB_max": 0.0, "DCPE_min": 0.0, "EMB_min": 0.0, "FAD_21_min": 0.0, "FAD_22_max": 0.0, "FAD_27_max": 0.0, "FAD_26_min": 0.0, "FAD_26_max": 0.0, "FAD_25_min": 0.0, "ACCC_min": 0.0, "FAD_25_max": 0.0, "ACChex_max": 0.0, "ACChex_min": 0.0, "FAD_24_min": 0.0, "ALAD_L_min": 0.0, "FAD_23_min": 0.0, "APRAUR_max": 0.0, "FAD_23_max": 0.0, "APRAUR_min": 0.0, "FAD_22_min": 0.0, "CHSTEROLt_max": 0.0, "FAD_24_max": 0.0, "ECHA191_max": 4.488209250511335e-33, "FAD_2_min": 1.4648520099244756e-31, "NAGINSP_min": 1.1737574980225868e-23, "FAD_3_min": 3.0968851565739908e-18, "FAD_7_max": 6.921414272666075e-17, "FAS180_max": 9.870747044192628e-05, "ALAD_L_max": 0.00036448474403411095, "CHORS_max": 0.0004631256992599953, "FAS181_max": 0.0007146870764650607, "PREPTHS2_min": 0.0012841175919103085, "PPDIMAT_min": 0.0012841175919103085, "MCOATA_min": 0.0012841261459733044, "OXCDC_min": 0.002469730154995555, "TMDS_min": 0.003222362099699141, "CYO1b_min": 0.0036977941931054126, "TMDS_max": 0.00543071287991892, "DHFR_max": 0.00543071287991892, "ALAR_max": 0.005553811608191542, "KGD2_max": 0.007838466316314442, "FBPA_max": 0.009560205788126502, "FAS80_L_max": 0.01127929300506896, "FAS140_max": 0.011295116697053806, "FAS120_max": 0.01129511669705381, "FAS100_max": 0.01129511669705381, "FAS160_max": 0.011327099183219249, "FAS161_max": 0.0113304602259492, "FAD_14_max": 0.02062426285026769, "FAD_8_max": 0.020830081822327682, "ASNt2r_max": 0.02165635485790258, "ASPt2r_max": 0.021656354857902727, "FACOAL161_max": 0.027671151829071313, "FAD_9_max": 0.037731247618350186, "FAD_10_max": 0.037731247618350186, "FACOALPREPH_min": 0.03893529365180257, "FAD_12_max": 0.04172278420313606, "FAD_13_max": 0.04172278420313606, "FAD_11_max": 0.04172278420313606, "FAS200_max": 0.04435804732704985, "FAD_18_max": 0.04910201285928815, "FAD_15_max": 0.049102012859288155, "FAD_17_max": 0.0491020128616096, "FAD_19_max": 0.04910201286160961, "FAD_16_max": 0.04910201286160961, "FACOAL180_min": 0.05540415654340639, "GXRA_max": 0.06377961272586234, "NNAM_min": 0.07780657017384442, "FACOAL140_max": 0.07984027690013304, "FACOALPREPH_max": 0.08000799948571663, "FACOAL180_max": 0.08002831619006953, "PPCOAC_min": 0.08695943889274445, "MAN1PT_max": 0.09246012151586497, "MAN1PT2_min": 0.09246012151586497, "MAN1PT_min": 0.09246012151586497, "PYK_max": 0.09367464622865064, "PYK_min": 0.0950304704686955, "CAT_min": 0.1007280090598343, "NADH5_min": 0.1380376849755478, "MCD_min": 0.1446098126561891, "NADH5_max": 0.14676602687410498, "PPCOAC_max": 0.14758789227009192, "FACOAL161_min": 0.17397790183828027, "PDIMAT_max": 0.2716404322085695, "FACOAL200_max": 0.2716404322085695, "PREPTHS_max": 0.2716404322085695, "PREPTHS2_max": 0.27705275945544877, "PPDIMAT_max": 0.27705275945544877, "NNAM_max": 0.8291630790190859}}