{"sampled_map_2": {"NNAM_min": -0.3800896111540469, "PPCOAC_min": -0.32957207322173093, "MCD_min": -0.2726366091374894, "CHORS_min": -0.24871246935388985, "PPCOAC_max": -0.21598221731625167, "CYO1b_max": -0.20990906941376644, "CHORS_max": -0.2085741655115765, "CYO1b_min": -0.19657403702667228, "KGD2_max": -0.16716182670351992, "KGD2_min": -0.16307617107943886, "DHPPDA2_min": -0.15888665744370759, "DHPPDA_min": -0.15835144253113545, "CYST_II_min": -0.10014179852333291, "CYST_II_max": -0.0914063091042608, "FACOAL180_min": -0.0822649895697192, "FAD_8_max": -0.08047677490162919, "FACOAL161_max": -0.07445779844308609, "FACOALPREPH_min": -0.07046065083733942, "FACOAL140_min": -0.058973613542918725, "ALAR_max": -0.05492474898547961, "ALAALAr_min": -0.04550537291529745, "FAD_9_max": -0.04000770131586578, "FAD_10_max": -0.04000770131586578, "DHFR_max": -0.03296498756433369, "NNAM_max": -0.03182464828317757, "ALAALAr_max": -0.028059170592690228, "ASPt2r_min": -0.027144765484044844, "ASNt2r_min": -0.027144765484044826, "FAD_14_max": -0.02657917076280705, "MCOATA_max": -0.026381421956468455, "FAD_11_max": -0.024630163174616408, "FAD_12_max": -0.024630163174616408, "FAD_13_max": -0.024630163174616408, "FAD_19_max": -0.02295336784212471, "FAD_15_max": -0.02295336784212471, "FAD_16_max": -0.02295336784212471, "FAD_18_max": -0.02295336784212471, "FAD_17_max": -0.022953367842124674, "FAS161_max": -0.017696598222145622, "FACOAL161_min": -0.010216831613468032, "CAT_min": -0.010184338170417695, "FAS100_max": -0.006972904225784582, "FAS140_max": -0.006972904225784563, "FAS120_max": -0.006972904220321866, "FAD_3_min": -8.328010157886264e-17, "FAD_3_max": -6.84105272193969e-17, "FAS160_min": -6.457767463763547e-17, "FAS140_min": -1.0254831623002153e-17, "ECHA191_max": -1.6317562396865346e-18, "FAD_2_min": -1.4360426309347586e-18, "FAD_1_max": -4.744399683777157e-21, "PDIMAT_min": 0.0, "FAD_27_min": 0.0, "PGCD_max": 0.0, "FAD_27_max": 0.0, "PPDIMAT_min": 0.0, "FAD_26_min": 0.0, "PREPTHS2_min": 0.0, "FAD_26_max": 0.0, "TDPDRR_max": 0.0, "FAD_25_min": 0.0, "TMDS_max": 0.0, "FAD_25_max": 0.0, "FAD_24_min": 0.0, "FAD_24_max": 0.0, "FAD_23_min": 0.0, "NADH10_min": 0.0, "MYCSacp58_max": 0.0, "MYCSacp56_max": 0.0, "FAD_4_max": 0.0, "FAS120_min": 0.0, "FAS161_min": 0.0, "FAS100_min": 0.0, "FAS181_min": 0.0, "FAS240_L_max": 0.0, "FAS80_L_min": 0.0, "FBPA_max": 0.0, "FBPA_min": 0.0, "FAD_23_max": 0.0, "GXRA_min": 0.0, "HEMEOS_max": 0.0, "FAD_6_max": 0.0, "FAD_5_min": 0.0, "FAD_5_max": 0.0, "MAN1PT2_max": 0.0, "MYC1M1_max": 0.0, "FAD_4_min": 0.0, "MYC1M2_max": 0.0, "FAD_6_min": 0.0, "FAD_22_min": 0.0, "ACCC_max": 0.0, "FAD_21_min": 0.0, "DCPT_max": 0.0, "DHFS_max": 0.0, "DCPE_max": 0.0, "ECHA192_max": 0.0, "ECHA192_min": 0.0, "EMB_max": 0.0, "CYSK2_I_min": 0.0, "CYSK2_I_max": 0.0, "FAD_22_max": 0.0, "CIGAMS_max": 0.0, "FACOAL200_min": 0.0, "CHSTEROLt_max": 0.0, "CHSTEROLt_min": 0.0, "FAD_21_max": 0.0, "APRAUR_max": 0.0, "FAD_20_min": 0.0, "ALAD_L_min": 0.0, "FAD_20_max": 0.0, "ASNt2r_max": 0.0, "ACChex_max": 0.0, "FAD_1_min": 0.0, "NAGINSP_max": 1.2049371511156395e-18, "FAS260_max": 1.7883649427977088e-18, "ASPt2r_max": 2.661823269110307e-18, "FAD_2_max": 5.2657583148567225e-18, "NADH9_min": 6.079731494920166e-18, "FAD_7_max": 1.270460368016829e-17, "ECHA191_min": 1.45975058651874e-17, "MYCSacp50_max": 2.989103529279824e-17, "FAS180_min": 4.246303698232586e-17, "MSHS_max": 4.264476674471681e-17, "PREPTHS_min": 5.265971592966673e-17, "FAD_7_min": 8.967769427828143e-17, "ALAD_L_max": 0.004593634442066444, "FAS80_L_max": 0.005468364871622712, "CYSM_II_max": 0.006580852868640961, "FAS180_max": 0.00694451524559833, "FAS160_max": 0.008539331303262596, "VPAMTr_min": 0.009155015066215128, "GXRA_max": 0.009962689234373844, "FAS181_max": 0.01237036574775253, "TMDS_min": 0.021998754649571028, "DHFR_min": 0.022185808090459516, "TDPDRR_min": 0.022509203081042588, "EMB_min": 0.022509203081042588, "HEMEOS_min": 0.02251561951927751, "MYC1M2_min": 0.022516883572038404, "NAGINSP_min": 0.02251705455635233, "CIGAMS_min": 0.02251705455635234, "MSHS_min": 0.022517054556352355, "FAS200_min": 0.022517389250685697, "ACCC_min": 0.022517453989331283, "ACChex_min": 0.022517453989331283, "DCPT_min": 0.022517459918797486, "DCPE_min": 0.022517459918797486, "G3PD1ir_min": 0.022517490771237554, "MYCSacp56_min": 0.02251751846517256, "MYCSacp58_min": 0.02251751846517256, "MYCSacp50_min": 0.02251751846517263, "MCOATA_min": 0.022517522638930393, "ALAR_min": 0.02251755491768875, "FAS260_min": 0.022517558287638847, "FAS240_L_min": 0.022517558287638878, "APRAUR_min": 0.02251760503501295, "MYC1M1_min": 0.02251889782219082, "DHFS_min": 0.02252131635696271, "PYK_min": 0.02498668510787723, "NADH2r_max": 0.02604423094413893, "NADH9_max": 0.02699883275173524, "NADH10_max": 0.027108626675755438, "NADH5_min": 0.027144765484044805, "CYSM_II_min": 0.03163109398275563, "PYK_max": 0.033190515579102964, "G3PD1ir_max": 0.04059402270257495, "FACOAL180_max": 0.04245103639548584, "FACOAL140_max": 0.042491770399729546, "FACOALPREPH_max": 0.04259434440684158, "ACCOAC_max": 0.044532073390132855, "MCD_max": 0.051822029291850855, "ACCOAC_min": 0.056716335286316026, "Kabc_min": 0.05784370537861503, "Kabc_max": 0.06129241584689783, "VPAMTr_max": 0.06218166392910204, "PHETA1_max": 0.06672276561652891, "FAD_10_min": 0.07143859305406125, "FAD_9_min": 0.07143859305406125, "TYRTA_max": 0.07373908703683874, "FAD_14_min": 0.07467249540346034, "FAD_12_min": 0.07500733277957898, "FAD_13_min": 0.07500733277957898, "FAD_11_min": 0.07500733277957898, "FAD_19_min": 0.07509115777575746, "FAD_18_min": 0.07509115777575746, "FAD_17_min": 0.07509115777575746, "FAD_15_min": 0.07509115777575746, "FAD_16_min": 0.07509115777575746, "FAD_8_min": 0.07512510965717334, "PREPTHS2_max": 0.08302104802596606, "PPDIMAT_max": 0.08302104802596606, "NADH5_max": 0.08794559557094755, "MAN1PT_min": 0.10014179852333292, "MAN1PT_max": 0.10014179852333292, "MAN1PT2_min": 0.10014179852333292, "CAT_max": 0.1031562323009981, "PGCD_min": 0.10834081972141993, "FAS200_max": 0.11650667298765466, "NADH2r_min": 0.11844577456986256, "ADNCYC_min": 0.1189772712155244, "ADNCYC_max": 0.1389479870385922, "NARK_max": 0.14418354720756854, "NARK_min": 0.1447174327278118, "OXCDC_min": 0.15649870882313224, "DHPPDA2_max": 0.15835144253113562, "DHPPDA_max": 0.15888665744370759, "TYRTA_min": 0.18713797222759268, "PHETA1_min": 0.18779618083837113, "PREPTHS_max": 0.18988558164024844, "PDIMAT_max": 0.1898855816402485, "FACOAL200_max": 0.1898855816402485, "OXCDC_max": 0.2010880371541312}}