{"sampled_map_4": {"FACOAL140_min": -0.4821471014555679, "ASPt2r_min": -0.4795238465416856, "FAD_8_max": -0.43909022130775677, "CYST_II_min": -0.4287145931245234, "FACOALPREPH_min": -0.36231876437023214, "FACOAL180_min": -0.3417994065724317, "Kabc_min": -0.33898458952597044, "Kabc_max": -0.3301294634619468, "PREPTHS_max": -0.31543838599455815, "PDIMAT_max": -0.31543838599455815, "FACOAL200_max": -0.31543838599455815, "FACOAL161_max": -0.2931796917560629, "ASNt2r_min": -0.2746968172716757, "CYST_II_max": -0.27149926191756685, "FAD_10_max": -0.2654132392910027, "FAD_9_max": -0.2654132392910027, "FAD_19_max": -0.2653203594579792, "FAD_15_max": -0.2653203594579792, "FAD_17_max": -0.2653203594579792, "FAD_16_max": -0.2653203594579792, "FAD_18_max": -0.2653203594579792, "KGD2_max": -0.2627823487735335, "FAD_11_max": -0.26052834787690937, "FAD_12_max": -0.26052834787690937, "FAD_13_max": -0.26052834787690937, "FAD_14_max": -0.23650969025180618, "CAT_min": -0.22633565356441337, "KGD2_min": -0.2160207550738587, "FACOAL161_min": -0.20526882353367173, "FACOAL180_max": -0.18176037766828418, "FACOAL140_max": -0.18171804207519926, "FACOALPREPH_max": -0.1813122145725251, "FAD_9_min": -0.17141030534769477, "FAD_10_min": -0.17141030534769477, "ASNt2r_max": -0.16788011745902345, "ASPt2r_max": -0.16788011745902343, "FAD_14_min": -0.1656629503311938, "FAD_13_min": -0.1650678726505997, "FAD_11_min": -0.1650678726505997, "FAD_12_min": -0.1650678726505997, "FAD_15_min": -0.16491889945410423, "FAD_17_min": -0.16491889945410423, "FAD_16_min": -0.16491889945410423, "FAD_18_min": -0.16491889945410423, "FAD_19_min": -0.16491889945410423, "FAS140_min": -0.16485855732449858, "FAS120_min": -0.16485855732449858, "FAS100_min": -0.16485855732449858, "FAD_8_min": -0.16485855732449858, "CAT_max": -0.1567709767980903, "ACCOAC_min": -0.15177536384313037, "DHFR_min": -0.14211659539664634, "FAS200_max": -0.12878946166459326, "PREPTHS2_max": -0.12878946166459315, "PPDIMAT_max": -0.12878946166459315, "G3PD1ir_max": -0.11320313930738912, "G3PD1ir_min": -0.10959146749539297, "DHPPDA_max": -0.0583391947025108, "DHPPDA2_min": -0.0583391947025108, "DHPPDA2_max": -0.0583391947025108, "DHPPDA_min": -0.0583391947025108, "NADH2r_min": -0.03981350188057134, "NADH9_min": -0.03981350188057134, "NADH10_min": -0.03981350188057134, "ALAR_max": -0.033607239161738287, "PGCD_min": -0.030590140200041464, "PGCD_max": -0.029090303494301625, "CHORS_max": -0.02790273008352846, "NARK_max": -0.027211920001026298, "NARK_min": -0.0029794953337244565, "FAS160_min": -1.0558539798802794e-16, "FAD_3_max": -1.0325923366136482e-16, "FAD_3_min": -6.788447831051865e-17, "FAS180_max": -2.830747402095834e-17, "FAS260_min": 0.0, "FAS260_max": 0.0, "FAS161_min": 0.0, "FAS240_L_max": 0.0, "FAS181_min": 0.0, "FAS181_max": 0.0, "FAS80_L_max": 0.0, "FAS161_max": 0.0, "FAS140_max": 0.0, "FAS120_max": 0.0, "FAS100_max": 0.0, "FAS240_L_min": 0.0, "FAS80_L_min": 0.0, "HEMEOS_min": 0.0, "FBPA_min": 0.0, "HEMEOS_max": 0.0, "GXRA_min": 0.0, "TDPDRR_max": 0.0, "MAN1PT2_max": 0.0, "MCD_max": 0.0, "MSHS_max": 0.0, "MSHS_min": 0.0, "MYC1M1_max": 0.0, "MYC1M1_min": 0.0, "FBPA_max": 0.0, "MYC1M2_max": 0.0, "MYCSacp50_max": 0.0, "MYCSacp50_min": 0.0, "MYCSacp56_max": 0.0, "MYCSacp56_min": 0.0, "MYCSacp58_max": 0.0, "MYCSacp58_min": 0.0, "NADH2r_max": 0.0, "TDPDRR_min": 0.0, "NAGINSP_min": 0.0, "MYC1M2_min": 0.0, "NAGINSP_max": 0.0, "ACCC_max": 0.0, "DCPT_max": 0.0, "FAD_1_max": 0.0, "ACChex_min": 0.0, "ALAD_L_min": 0.0, "EMB_min": 0.0, "EMB_max": 0.0, "ECHA192_min": 0.0, "ECHA192_max": 0.0, "ECHA191_min": 0.0, "ECHA191_max": 0.0, "DHFS_min": 0.0, "DHFS_max": 0.0, "FAD_1_min": 0.0, "APRAUR_max": 0.0, "CHSTEROLt_max": 0.0, "CHSTEROLt_min": 0.0, "CIGAMS_max": 0.0, "DCPT_min": 0.0, "FAD_6_min": 0.0, "DCPE_min": 0.0, "DCPE_max": 0.0, "CYSM_II_min": 0.0, "CYSM_II_max": 0.0, "CYSK2_I_min": 0.0, "CYSK2_I_max": 0.0, "APRAUR_min": 0.0, "CYO1b_min": 0.0, "FAD_20_max": 0.0, "FAD_21_max": 0.0, "FAD_6_max": 0.0, "FAD_5_min": 0.0, "FAD_5_max": 0.0, "FAD_4_min": 0.0, "FAD_4_max": 0.0, "ACCC_min": 0.0, "FAD_2_min": 0.0, "FAD_2_max": 0.0, "FAD_27_min": 0.0, "FAD_27_max": 0.0, "FAD_20_min": 0.0, "FAD_26_min": 0.0, "CIGAMS_min": 0.0, "FAD_25_min": 0.0, "FAD_25_max": 0.0, "ACCOAC_max": 0.0, "FAD_24_min": 0.0, "FAD_24_max": 0.0, "FAD_23_min": 0.0, "ACChex_max": 0.0, "FAD_23_max": 0.0, "FAD_22_min": 0.0, "FAD_22_max": 0.0, "FAD_21_min": 0.0, "FAD_26_max": 0.0, "FAD_7_min": 5.996829771659349e-18, "NADH5_max": 1.9385688873423697e-17, "FAS160_max": 5.182031397062831e-17, "NADH5_min": 5.872579929178889e-17, "FAD_7_max": 2.3144969058121847e-16, "PDIMAT_min": 0.01699757223773932, "FACOAL200_min": 0.01699757223773932, "PREPTHS_min": 0.01699757223773932, "VPAMTr_min": 0.03386880693402587, "TYRTA_min": 0.03447701584835887, "PHETA1_min": 0.0344788146214332, "TYRTA_max": 0.0348141199595415, "PHETA1_max": 0.0348141199595415, "VPAMTr_max": 0.0348141199595415, "CHORS_min": 0.03712691488803966, "FAS180_min": 0.03925184391651606, "FAS200_min": 0.03925184391651607, "NADH9_max": 0.043179353872892595, "GXRA_max": 0.056574588581879665, "ALAD_L_max": 0.056574588581879665, "PREPTHS2_min": 0.05998139141683495, "PPDIMAT_min": 0.05998139141683495, "MCOATA_min": 0.05998141637097374, "NADH10_max": 0.0798554953263272, "MCOATA_max": 0.0963814690338284, "ALAR_min": 0.12296821903193901, "ALAALAr_min": 0.14211659539664634, "TMDS_max": 0.1450960907303709, "DHFR_max": 0.1450960907303709, "OXCDC_max": 0.17285801985289354, "OXCDC_min": 0.1738201643357758, "CYO1b_max": 0.17791856351827265, "ALAALAr_max": 0.19865451789799263, "TMDS_min": 0.21698470070163745, "NNAM_min": 0.22898048325309767, "ADNCYC_max": 0.39627216474383614, "ADNCYC_min": 0.3993370225920827, "MAN1PT_min": 0.4048989441701799, "MAN1PT2_min": 0.4048989441701799, "MAN1PT_max": 0.4048989441701799, "PYK_max": 0.46171746832677557, "PPCOAC_max": 0.5024488076078372, "MCD_min": 0.514309493392932, "PPCOAC_min": 0.514309493392932, "NNAM_max": 0.547485218528296, "PYK_min": 0.5945949983129225}}