{"sampled_map_3": {"NNAM_min": -0.5715161544498025, "TYRTA_min": -0.41273151329315694, "PHETA1_min": -0.4116542816880359, "GXRA_min": -0.33743471173801615, "ALAD_L_min": -0.33743471173801615, "GXRA_max": -0.284290186980991, "CYST_II_max": -0.28156658888365577, "MYCSacp50_min": -0.25120230594932924, "DHPPDA_min": -0.23507805588786093, "DHPPDA2_min": -0.2350780558878608, "PYK_max": -0.2166032194161212, "ALAD_L_max": -0.2066090771893957, "PYK_min": -0.17883562324224722, "CAT_min": -0.13306057637202434, "OXCDC_max": -0.12281165920260126, "DHFR_max": -0.10259805257539746, "FAS140_min": -0.0997596445140717, "FAD_8_min": -0.09975964451407163, "FAS100_min": -0.09975964451407161, "FAS120_min": -0.09975964451407161, "FAD_17_min": -0.09970752245497802, "FAD_15_min": -0.0997075224549779, "FAD_19_min": -0.0997075224549779, "FAD_18_min": -0.0997075224549779, "FAD_16_min": -0.0997075224549779, "FAD_13_min": -0.09957883798215549, "FAD_11_min": -0.09957883798215549, "FAD_12_min": -0.09957883798215549, "FAD_14_min": -0.09906480886640229, "FAD_10_min": -0.09410024603557215, "FAD_9_min": -0.09410024603557215, "OXCDC_min": -0.08640331966713052, "TYRTA_max": -0.08480728920272637, "PHETA1_max": -0.08480728920272637, "MYC1M2_min": -0.07630047602811943, "Kabc_max": -0.07151455407501796, "Kabc_min": -0.06717210579567709, "ADNCYC_max": -0.06351114988902362, "FAD_14_max": -0.06019012592848376, "FAD_10_max": -0.05936887970939807, "FAD_9_max": -0.05936887970939807, "G3PD1ir_max": -0.05723665348619635, "KGD2_min": -0.055646000104704614, "FAD_17_max": -0.05496178700658014, "FAD_18_max": -0.05496178700658008, "FAD_19_max": -0.05496178700658007, "FAD_15_max": -0.05496178700658007, "FAD_16_max": -0.05496178700583862, "FAD_11_max": -0.054885276070025135, "FAD_12_max": -0.054885276070025135, "FAD_13_max": -0.054885276070025135, "CYST_II_min": -0.05462773902346637, "PPDIMAT_max": -0.04929361576384542, "PREPTHS2_max": -0.04929361576384542, "MAN1PT2_max": -0.04006419021924684, "ADNCYC_min": -0.02621618393352964, "FAD_8_max": -0.02367745841181267, "CYSM_II_max": -0.01858532203149342, "VPAMTr_min": -0.013996379754196537, "NNAM_max": -0.007575046094781515, "NADH9_min": -0.0023147563011020763, "NADH10_min": -0.0023147563011019605, "NADH2r_min": -0.0023147563011019267, "ASNt2r_min": -0.0010921240235272237, "FAD_3_min": -1.2997942824926026e-16, "NADH5_min": -9.181726637038077e-17, "FAS260_max": -2.263186361549706e-17, "ASPt2r_max": -2.0294131964401758e-17, "FAD_1_max": -4.1311674051095973e-19, "CYO1b_max": 0.0, "CYO1b_min": 0.0, "CYSK2_I_max": 0.0, "FBPA_min": 0.0, "FAS80_L_min": 0.0, "FAS240_L_min": 0.0, "FAS240_L_max": 0.0, "FAS200_max": 0.0, "FAS80_L_max": 0.0, "FAS181_min": 0.0, "FAS181_max": 0.0, "FAS161_min": 0.0, "FAS161_max": 0.0, "CYSK2_I_min": 0.0, "FAS120_max": 0.0, "DCPE_max": 0.0, "FAS100_max": 0.0, "DCPE_min": 0.0, "HEMEOS_max": 0.0, "HEMEOS_min": 0.0, "CIGAMS_max": 0.0, "DCPT_max": 0.0, "ACCC_min": 0.0, "TDPDRR_min": 0.0, "TDPDRR_max": 0.0, "ACChex_max": 0.0, "ACChex_min": 0.0, "PGCD_max": 0.0, "APRAUR_max": 0.0, "APRAUR_min": 0.0, "CIGAMS_min": 0.0, "ASNt2r_max": 0.0, "MYCSacp58_min": 0.0, "MYCSacp58_max": 0.0, "MYCSacp56_min": 0.0, "MYC1M2_max": 0.0, "MYC1M1_min": 0.0, "MYC1M1_max": 0.0, "CHSTEROLt_max": 0.0, "CHSTEROLt_min": 0.0, "NADH2r_max": 0.0, "DCPT_min": 0.0, "ACCC_max": 0.0, "FAD_27_max": 0.0, "DHFS_min": 0.0, "FAD_26_max": 0.0, "FAD_25_min": 0.0, "FAD_25_max": 0.0, "DHFS_max": 0.0, "FAD_6_min": 0.0, "FAD_24_min": 0.0, "FAD_24_max": 0.0, "FAD_23_min": 0.0, "FAD_1_min": 0.0, "FAD_23_max": 0.0, "FAD_22_min": 0.0, "FAD_22_max": 0.0, "FAD_21_min": 0.0, "FAD_20_max": 0.0, "FAD_26_min": 0.0, "FAD_21_max": 0.0, "FAD_20_min": 0.0, "EMB_min": 0.0, "ECHA192_max": 0.0, "ECHA192_min": 0.0, "EMB_max": 0.0, "FAD_27_min": 0.0, "FAD_4_max": 0.0, "FAD_4_min": 0.0, "FAD_5_max": 0.0, "FAD_5_min": 0.0, "FAD_6_max": 0.0, "FAD_2_max": 1.362758652477769e-18, "NAGINSP_min": 1.618177403502165e-17, "ECHA191_min": 1.6654709074143975e-17, "MSHS_max": 1.68674829255123e-17, "FAD_7_min": 2.018353849306658e-17, "FAS160_min": 2.1916765099100075e-17, "MYCSacp50_max": 2.8568637498435196e-17, "FAD_2_min": 3.074496601263501e-17, "ECHA191_max": 3.63512822537223e-17, "MSHS_min": 5.3219197025692495e-17, "FAD_7_max": 5.42800075554119e-17, "FAS140_max": 5.842947863708163e-17, "FAS180_max": 5.879640514322903e-17, "NAGINSP_max": 6.660642726928969e-17, "FAD_3_max": 6.997896268210413e-17, "FAS260_min": 7.227301603246123e-17, "FAS160_max": 1.770613442507294e-16, "ASPt2r_min": 0.0009895562188270038, "FACOAL140_min": 0.0016710605782970472, "PREPTHS_max": 0.018415506981910367, "FACOAL200_max": 0.018415506981910367, "PDIMAT_max": 0.018415506981910367, "NARK_max": 0.0307965819990948, "MCD_min": 0.0332992072458284, "ALAR_min": 0.038968609837882334, "MAN1PT_min": 0.04006419021924682, "CYSM_II_min": 0.04155250079288868, "MAN1PT2_min": 0.04160768941480909, "NADH10_max": 0.0472674992926961, "PGCD_min": 0.048025492919552, "CAT_max": 0.05034713408533445, "ALAALAr_max": 0.053216595081887225, "ALAALAr_min": 0.05946430281499107, "NADH9_max": 0.061450966783455116, "NADH5_max": 0.06303919318214371, "FACOAL180_min": 0.06582551477903245, "FACOALPREPH_min": 0.06652010753053955, "FACOAL161_max": 0.0667911482193253, "ALAR_max": 0.07304680273515413, "ACCOAC_min": 0.07662309344866221, "NARK_min": 0.08047100892063973, "FACOALPREPH_max": 0.08432112440011312, "FACOAL180_max": 0.08467838012324172, "FACOAL140_max": 0.0847397979480287, "MCOATA_min": 0.09939047429176827, "PREPTHS2_min": 0.10639479306233075, "PPDIMAT_min": 0.10639479306233075, "FACOAL161_min": 0.10810528266433236, "KGD2_max": 0.11807053688997622, "MAN1PT_max": 0.1436146149041189, "FAS180_min": 0.1468922191985222, "FAS200_min": 0.1468922191985223, "PREPTHS_min": 0.16858401002160628, "PDIMAT_min": 0.16858401002160636, "FACOAL200_min": 0.16858401002160636, "MYCSacp56_max": 0.1705803669049043, "FBPA_max": 0.1705803669049043, "G3PD1ir_min": 0.17542864476525505, "DHPPDA_max": 0.23507805588786077, "DHPPDA2_max": 0.2350780558878608, "TMDS_max": 0.2594731264488724, "VPAMTr_max": 0.278991554244519, "TMDS_min": 0.2811133652379735, "DHFR_min": 0.28111336523797353, "PPCOAC_min": 0.2867614194457679, "CHORS_min": 0.30553203598833467, "MCOATA_max": 0.3594172902420583, "ACCOAC_max": 0.39248262718879157, "PPCOAC_max": 0.40555437179110415, "MCD_max": 0.4074401268407787, "CHORS_max": 0.4222723772225171}}