{"sampled_map_3": {"NNAM_min": -1.2364605004715712, "ALAD_L_max": -0.36828991651969717, "NNAM_max": -0.3391570522495913, "DHPPDA_max": -0.27792636956148337, "DHPPDA2_max": -0.27739086212128516, "ALAR_max": -0.20578399222872543, "PDIMAT_max": -0.19723615305567097, "FACOAL200_max": -0.19723615305567097, "PREPTHS_max": -0.19723615305567088, "FACOALPREPH_max": -0.19390628590415188, "FACOAL180_max": -0.1912988235935655, "FACOAL140_max": -0.19060076963500336, "NADH10_min": -0.1844322171324772, "NADH9_min": -0.18443221713247718, "NADH2r_min": -0.1843077990487046, "FACOAL161_min": -0.176128032434513, "CYSM_II_max": -0.1741926803597538, "MCOATA_min": -0.1734207912280468, "MYCSacp56_max": -0.1706874760046363, "FBPA_max": -0.1706874760046363, "NARK_min": -0.1677527265654247, "PGCD_min": -0.14139233225048212, "FACOAL180_min": -0.12708374917578652, "CHORS_min": -0.12009068862109305, "FACOALPREPH_min": -0.10761046547795804, "CYO1b_max": -0.10349437157602785, "MAN1PT2_max": -0.0976753818567988, "G3PD1ir_min": -0.0830701145860311, "CYSM_II_min": -0.07828008801528726, "ADNCYC_min": -0.07765315029438824, "MCOATA_max": -0.06538286179121205, "ADNCYC_max": -0.06015457820449964, "CYST_II_min": -0.056604237579313085, "NADH2r_max": -0.05470393079296222, "GXRA_max": -0.053494659141313274, "MYCSacp50_min": -0.053454346578905645, "NADH9_max": -0.05330746856888039, "NARK_max": -0.05241573299629451, "NADH10_max": -0.050751827678423775, "FACOAL140_min": -0.04327064553553295, "TMDS_min": -0.033586873392399755, "DHFR_min": -0.0335868733923997, "Kabc_max": -0.031163816531182147, "Kabc_min": -0.03107475255106139, "ALAD_L_min": -0.02950556547740088, "GXRA_min": -0.02950556547740088, "CHORS_max": -0.0266923384823117, "VPAMTr_max": -0.024144038894369686, "CYST_II_max": -0.022706901671425767, "FAS140_min": -0.0209057168714504, "FAD_8_min": -0.02090571687145036, "FAS100_min": -0.02090571687145034, "FAS120_min": -0.02090571687145034, "FAD_16_min": -0.020878208720224025, "FAD_18_min": -0.020878208720224025, "FAD_19_min": -0.020878208720224025, "FAD_15_min": -0.020878208720224025, "FAD_17_min": -0.02087820872022397, "FAD_13_min": -0.020810298666185886, "FAD_12_min": -0.020810298666185886, "FAD_11_min": -0.020810298666185886, "FAD_14_min": -0.02053902787487315, "TMDS_max": -0.01967939580008879, "PPDIMAT_max": -0.018158907285445936, "PREPTHS2_max": -0.018158907285445936, "FAD_10_min": -0.01791904575967168, "FAD_9_min": -0.01791904575967168, "ALAALAr_max": -0.01112811764684638, "MYC1M2_min": -0.009887784377561758, "G3PD1ir_max": -0.008701022552733816, "ACCOAC_min": -0.008013236427131554, "FAD_7_min": -2.4070490759195027e-16, "FAS260_min": -2.195136741843885e-16, "FAS160_min": -2.0946818825793636e-16, "NADH5_min": -1.3006621265452255e-16, "ASPt2r_max": -1.2944369147939598e-16, "FAS260_max": -2.4875678503953216e-17, "NAGINSP_max": -2.391556866033058e-18, "FAD_2_min": -2.228924369511174e-25, "FAD_2_max": -4.716394066679742e-27, "ECHA191_min": -1.66237832336411e-27, "FAD_1_min": -2.1279542774020363e-32, "FAD_1_max": -3.345644625104189e-33, "FAD_6_min": 0.0, "MYCSacp56_min": 0.0, "MYCSacp58_min": 0.0, "TDPDRR_max": 0.0, "ASNt2r_max": 0.0, "APRAUR_min": 0.0, "APRAUR_max": 0.0, "MYCSacp58_max": 0.0, "EMB_max": 0.0, "FAS240_L_max": 0.0, "MYC1M2_max": 0.0, "MYC1M1_min": 0.0, "MYC1M1_max": 0.0, "FAS181_min": 0.0, "FAD_6_max": 0.0, "FAS240_L_min": 0.0, "TDPDRR_min": 0.0, "FAS80_L_min": 0.0, "FBPA_min": 0.0, "ACChex_min": 0.0, "ACChex_max": 0.0, "HEMEOS_max": 0.0, "HEMEOS_min": 0.0, "ACCC_min": 0.0, "FAS161_min": 0.0, "FAD_5_min": 0.0, "ACCC_max": 0.0, "FAD_4_min": 0.0, "CHSTEROLt_max": 0.0, "CHSTEROLt_min": 0.0, "CIGAMS_max": 0.0, "CIGAMS_min": 0.0, "CYO1b_min": 0.0, "CYSK2_I_max": 0.0, "CYSK2_I_min": 0.0, "DCPE_max": 0.0, "DCPE_min": 0.0, "DCPT_max": 0.0, "DCPT_min": 0.0, "DHFS_max": 0.0, "DHFS_min": 0.0, "ECHA192_max": 0.0, "ECHA192_min": 0.0, "FAD_5_max": 0.0, "FAD_20_min": 0.0, "FAD_20_max": 0.0, "FAD_21_min": 0.0, "FAD_4_max": 0.0, "EMB_min": 0.0, "FAD_27_min": 0.0, "FAD_27_max": 0.0, "FAD_26_min": 0.0, "FAD_26_max": 0.0, "FAD_21_max": 0.0, "FAD_25_max": 0.0, "FAD_25_min": 0.0, "FAD_24_max": 0.0, "FAD_23_min": 0.0, "FAD_23_max": 0.0, "FAD_22_min": 0.0, "FAD_22_max": 0.0, "FAD_24_min": 0.0, "ECHA191_max": 1.4877125403650443e-26, "NAGINSP_min": 1.0739631959744188e-18, "MSHS_max": 1.771742652324333e-17, "MSHS_min": 5.468070236661478e-17, "FAD_3_max": 7.51941131976616e-17, "FAD_7_max": 1.0842321448621825e-16, "MYCSacp50_max": 1.4433859512996476e-16, "FAD_3_min": 4.052412473623173e-16, "NADH5_max": 0.00011110353991679919, "PREPTHS_min": 0.01189885506182881, "PDIMAT_min": 0.011898855061828854, "FACOAL200_min": 0.011898855061828854, "KGD2_min": 0.014992593391516594, "FAS180_min": 0.015756649214756977, "FAS200_min": 0.015756649214757057, "MCD_min": 0.01869852316350551, "PREPTHS2_min": 0.02295894005191101, "PPDIMAT_min": 0.02295894005191101, "PGCD_max": 0.030631896869406965, "PYK_min": 0.03270205665371575, "PHETA1_min": 0.03434842753678785, "TYRTA_min": 0.03455106304221553, "DHFR_max": 0.03623094493557985, "FACOAL161_max": 0.048708796394714704, "ALAALAr_min": 0.05459642124307847, "FAD_8_max": 0.06086698053801906, "PPCOAC_max": 0.06334698551817412, "MCD_max": 0.06751220736214116, "ALAR_min": 0.0791872057746958, "ASNt2r_min": 0.08954533685696439, "ASPt2r_min": 0.09582475743313638, "MAN1PT_min": 0.09767538185679876, "MAN1PT2_min": 0.09822020750840282, "MAN1PT_max": 0.11459172883778194, "PYK_max": 0.11482013489712467, "FAD_10_max": 0.1228167973414182, "FAD_9_max": 0.1228167973414182, "OXCDC_min": 0.12479119481375697, "FAS180_max": 0.13681566498376405, "ACCOAC_max": 0.13764317852386956, "KGD2_max": 0.13915995515285912, "FAS161_max": 0.14381892009147204, "FAD_14_max": 0.14658863460192675, "FAD_16_max": 0.14715049221094328, "FAD_19_max": 0.14715049221543608, "FAD_18_max": 0.147150492217137, "FAD_15_max": 0.147150492217137, "FAD_17_max": 0.147150492217137, "FAD_12_max": 0.15012278498490364, "FAD_11_max": 0.15012278498490364, "FAD_13_max": 0.15012278498490364, "FAS100_max": 0.15557829350346997, "FAS120_max": 0.15557829350346997, "FAS140_max": 0.15557829350346997, "PPCOAC_min": 0.17831772085611977, "FAS200_max": 0.1818570588555523, "FAS160_max": 0.18624134263235514, "FAS80_L_max": 0.18781288145836814, "FAS181_max": 0.19270099597523882, "OXCDC_max": 0.19810233356458123, "CAT_min": 0.20743171063692153, "DHPPDA_min": 0.27739086212128516, "DHPPDA2_min": 0.27792636956148364, "CAT_max": 0.28287751108265324, "VPAMTr_min": 0.3312246104562505, "PHETA1_max": 0.34511949191042895, "TYRTA_max": 0.34511949191042895}}