{"sampled_map_3": {"MCOATA_min": -0.4538906088956041, "NNAM_min": -0.39259030666350664, "PREPTHS2_min": -0.33998670059178626, "PPDIMAT_min": -0.33998670059178626, "CYSM_II_min": -0.32554061945660034, "CYSM_II_max": -0.3237578810402234, "GXRA_max": -0.27327219530894437, "Kabc_max": -0.24974867728810224, "Kabc_min": -0.2476119787862502, "TYRTA_min": -0.21934842618196013, "PHETA1_min": -0.21727341417706628, "FAS200_min": -0.2109477405165493, "FAS180_min": -0.2109477405165492, "FACOAL200_min": -0.17638865626748457, "PREPTHS_min": -0.17638865626748457, "PDIMAT_min": -0.17638865626748457, "ALAD_L_max": -0.15249446541873424, "G3PD1ir_max": -0.1500441228577283, "NADH10_max": -0.12293334605166133, "CAT_min": -0.11520612834697556, "TMDS_max": -0.10938390225581376, "NARK_min": -0.1044421322456023, "FACOAL161_max": -0.10132734598136812, "NARK_max": -0.10105829642818265, "PPCOAC_min": -0.09500890414872883, "ACCOAC_min": -0.09352951603188878, "PPDIMAT_max": -0.0825179058971784, "PREPTHS2_max": -0.0825179058971784, "PGCD_min": -0.079554794535706, "ALAD_L_min": -0.07904963454564246, "GXRA_min": -0.07904963454564246, "KGD2_max": -0.07271924330501654, "MAN1PT2_max": -0.05502966854884526, "NADH9_max": -0.05248604874178137, "ALAALAr_min": -0.04595457838249251, "TMDS_min": -0.043694858827957234, "DHFR_min": -0.043694858827957234, "FAD_8_max": -0.03586619208040808, "G3PD1ir_min": -0.03406709172591175, "DHPPDA_min": -0.03254669153427588, "DHPPDA2_min": -0.03254669153427588, "PREPTHS_max": -0.03227778638291371, "PDIMAT_max": -0.0322777863829137, "FACOAL200_max": -0.0322777863829137, "MAN1PT_max": -0.02503572529104887, "FACOAL161_min": -0.017660596880968205, "FACOALPREPH_max": -0.015620182111980638, "FACOAL180_max": -0.013860972537114234, "FACOAL140_max": -0.013456384361158808, "FACOAL180_min": -0.01209258683916997, "VPAMTr_max": -0.011523448293540212, "FACOALPREPH_min": -0.011067689510961008, "FAD_3_max": -5.379362288753267e-17, "FAD_7_max": -4.39437562218291e-17, "FAS180_max": -1.0799840107675477e-17, "FAS260_max": -8.766975789385129e-18, "MSHS_max": -6.528992126854007e-18, "MSHS_min": -3.0308395428294164e-18, "FAD_27_min": 0.0, "FAD_2_max": 0.0, "FAD_2_min": 0.0, "HEMEOS_min": 0.0, "FAD_26_min": 0.0, "FBPA_min": 0.0, "FAD_26_max": 0.0, "FAD_25_min": 0.0, "FAD_25_max": 0.0, "FAD_24_min": 0.0, "FAD_24_max": 0.0, "FAD_27_max": 0.0, "FAD_4_max": 0.0, "FAS240_L_min": 0.0, "FAS80_L_max": 0.0, "FAS100_max": 0.0, "FAS140_max": 0.0, "HEMEOS_max": 0.0, "FAD_23_min": 0.0, "FAS161_max": 0.0, "FAS161_min": 0.0, "FAS181_max": 0.0, "FAS80_L_min": 0.0, "FAD_6_min": 0.0, "FAS181_min": 0.0, "FAS200_max": 0.0, "FAS240_L_max": 0.0, "FAS120_max": 0.0, "FAD_5_min": 0.0, "FAD_5_max": 0.0, "FAD_4_min": 0.0, "FAD_6_max": 0.0, "FAD_23_max": 0.0, "ACCC_max": 0.0, "FAD_22_max": 0.0, "DHFS_max": 0.0, "DCPT_min": 0.0, "DCPT_max": 0.0, "DCPE_min": 0.0, "DCPE_max": 0.0, "CYSK2_I_min": 0.0, "CYSK2_I_max": 0.0, "CYO1b_min": 0.0, "CYO1b_max": 0.0, "CIGAMS_min": 0.0, "CIGAMS_max": 0.0, "CHSTEROLt_min": 0.0, "CHSTEROLt_max": 0.0, "ASNt2r_max": 0.0, "APRAUR_min": 0.0, "APRAUR_max": 0.0, "TDPDRR_max": 0.0, "TDPDRR_min": 0.0, "ACChex_min": 0.0, "ACChex_max": 0.0, "ACCC_min": 0.0, "FAD_22_min": 0.0, "ECHA191_max": 0.0, "DHFS_min": 0.0, "ECHA192_max": 0.0, "FAD_21_min": 0.0, "FAD_21_max": 0.0, "FAD_20_min": 0.0, "FAD_20_max": 0.0, "FAD_1_min": 0.0, "FAD_1_max": 0.0, "MYC1M1_max": 0.0, "MYC1M1_min": 0.0, "MYC1M2_max": 0.0, "ECHA191_min": 0.0, "MYC1M2_min": 0.0, "MYCSacp56_min": 0.0, "MYCSacp58_max": 0.0, "NADH2r_max": 0.0, "NAGINSP_max": 0.0, "NAGINSP_min": 0.0, "EMB_min": 0.0, "EMB_max": 0.0, "ECHA192_min": 0.0, "MYCSacp58_min": 0.0, "MYCSacp50_min": 7.08645948098007e-18, "FAD_7_min": 1.243469853234091e-17, "MYCSacp50_max": 1.3130389951465417e-17, "ASPt2r_max": 1.9084491410681915e-17, "FAS260_min": 2.369777157672832e-17, "FAS160_max": 4.049195018934148e-17, "FAD_3_min": 6.116499808429163e-17, "NADH5_min": 6.44936735478845e-17, "FAS160_min": 1.2056731588141864e-16, "PGCD_max": 0.007255559458313486, "PYK_max": 0.00988733444744835, "NNAM_max": 0.012092586839170002, "PHETA1_max": 0.020131648055842694, "TYRTA_max": 0.020131648055842694, "CHORS_min": 0.023180593698828727, "CYST_II_max": 0.024538952067595918, "ALAALAr_max": 0.025883307741648404, "FAD_9_max": 0.026760230084310388, "FAD_10_max": 0.026760230084310388, "FAD_16_max": 0.027654502977422373, "FAD_17_max": 0.02765450299256768, "FAD_15_max": 0.027654502992567716, "FAD_19_max": 0.027654502992567716, "FAD_18_max": 0.027654502992567716, "FAD_14_max": 0.028114709310378568, "ALAR_min": 0.02833271064036604, "FAD_11_max": 0.028883586785437156, "FAD_13_max": 0.028883586785437156, "FAD_12_max": 0.028883586785437156, "DHPPDA2_max": 0.03254669153427588, "DHPPDA_max": 0.03254669153427588, "ALAR_max": 0.037512080772068274, "PPCOAC_max": 0.04561491435915176, "MCD_max": 0.05259188948505694, "MAN1PT2_min": 0.05411245334742252, "MAN1PT_min": 0.055029668548845306, "FACOAL140_min": 0.06220928704281875, "NADH5_max": 0.09096261766907543, "NADH10_min": 0.09181036223784524, "NADH9_min": 0.09181036223784524, "NADH2r_min": 0.09181036223784525, "PYK_min": 0.09278132555727832, "ASNt2r_min": 0.09324115626759082, "ACCOAC_max": 0.09492949968466599, "ASPt2r_min": 0.09567725722552435, "CYST_II_min": 0.09625349724755969, "CAT_max": 0.10469893700335563, "MYCSacp56_max": 0.1145762282764523, "FBPA_max": 0.1145762282764523, "MCD_min": 0.11832092565648515, "VPAMTr_min": 0.15113206772372262, "FAD_8_min": 0.15533881043873382, "FAS140_min": 0.15533881043873385, "FAS120_min": 0.15533881043873385, "FAS100_min": 0.15533881043873385, "FAD_15_min": 0.15537817286078412, "FAD_18_min": 0.15537817286078412, "FAD_16_min": 0.15537817286078412, "FAD_19_min": 0.15537817286078412, "FAD_17_min": 0.15537817286078415, "FAD_11_min": 0.15547535553447445, "FAD_13_min": 0.15547535553447445, "FAD_12_min": 0.15547535553447445, "FAD_14_min": 0.15586355045494363, "FAD_9_min": 0.15961278825851247, "FAD_10_min": 0.15961278825851247, "DHFR_max": 0.17233059970046782, "KGD2_min": 0.17612014397827744, "MCOATA_max": 0.180668363595277, "CHORS_max": 0.2162711345809014, "ADNCYC_min": 0.2752717543709724, "ADNCYC_max": 0.3220962670244447, "OXCDC_max": 0.3271489711670841, "OXCDC_min": 0.4249396249141429}}