{"sampled_map_1": {"ACCOAC_min": -0.652079721095352, "ADNCYC_min": -0.545539932992852, "ADNCYC_max": -0.5257548766402904, "PREPTHS2_min": -0.48948096281248643, "PPDIMAT_min": -0.48948096281248643, "MCOATA_min": -0.48948096224422366, "FAS180_min": -0.47893190341331476, "FAS200_min": -0.4789319034133146, "FACOAL200_min": -0.4732694711813485, "PREPTHS_min": -0.4732694711813485, "PDIMAT_min": -0.4732694711813485, "OXCDC_min": -0.3983926068963546, "OXCDC_max": -0.3948422924780536, "CAT_min": -0.3528907221109002, "FACOAL161_min": -0.3211887600161044, "FACOALPREPH_min": -0.3211887600161044, "FACOAL180_min": -0.3211887600161044, "FACOAL140_min": -0.3211887600161044, "MCD_min": -0.24655585555229373, "NARK_min": -0.2378411954995737, "ACCOAC_max": -0.232827895651834, "KGD2_max": -0.22619890828404926, "KGD2_min": -0.21961328642886627, "MCD_max": -0.2093458981573354, "NADH5_min": -0.20868299762674306, "CAT_max": -0.20121031054154262, "CHORS_max": -0.19924401465433517, "FAD_8_max": -0.19690058898058674, "FACOAL161_max": -0.1962709604648057, "FAD_15_max": -0.1891328833984415, "FAD_17_max": -0.1891328833984415, "FAD_18_max": -0.1891328833984415, "FAD_19_max": -0.1891328833984415, "FAD_16_max": -0.18913288337178522, "FAD_9_max": -0.1886187361921189, "FAD_10_max": -0.1886187361921189, "FAD_14_max": -0.18855944950343703, "FAD_11_max": -0.1872501039917723, "FAD_12_max": -0.1872501039917723, "FAD_13_max": -0.1872501039917723, "DHFR_min": -0.18102889909475572, "NARK_max": -0.1731953534368982, "CYSM_II_min": -0.1653635074522813, "CYSM_II_max": -0.16429295323522833, "MYCSacp56_max": -0.1527293931992346, "NADH9_max": -0.13084029471510164, "NADH5_max": -0.10917948594005027, "ALAR_max": -0.10875237181121986, "PPCOAC_min": -0.09384644997165242, "TMDS_min": -0.09127644064633253, "PGCD_min": -0.0835354506539164, "PGCD_max": -0.0654397331291381, "ALAD_L_max": -0.0555449794655975, "CHORS_min": -0.054614360405207354, "DHPPDA2_max": -0.03187972916162091, "DHPPDA_max": -0.03187972916162091, "PREPTHS2_max": -0.019065769363328468, "PPDIMAT_max": -0.019065769363328468, "ALAALAr_min": -0.018806115268104762, "PYK_max": -0.008087861387656055, "GXRA_max": -0.007510337705642234, "MYC1M2_min": -0.006877091252792112, "FAS160_min": -1.1161886681330727e-16, "FAD_3_min": -5.0749222880118405e-17, "MYCSacp50_max": -2.7107776132434708e-17, "FAD_7_min": -2.243609706454335e-17, "FAS260_max": -1.2963528981402612e-17, "MSHS_min": -2.9417759365984403e-18, "FAS181_min": 0.0, "FAS181_max": 0.0, "NAGINSP_min": 0.0, "FAS161_min": 0.0, "FAS161_max": 0.0, "TDPDRR_max": 0.0, "FAS140_max": 0.0, "MAN1PT2_max": 0.0, "FAS100_max": 0.0, "TDPDRR_min": 0.0, "TMDS_max": 0.0, "FAD_6_min": 0.0, "FAD_6_max": 0.0, "FAD_5_min": 0.0, "FAD_5_max": 0.0, "FAS120_max": 0.0, "NAGINSP_max": 0.0, "FAS240_L_min": 0.0, "Kabc_min": 0.0, "HEMEOS_min": 0.0, "FAD_4_min": 0.0, "HEMEOS_max": 0.0, "GXRA_min": 0.0, "MYC1M1_max": 0.0, "MYC1M1_min": 0.0, "MYC1M2_max": 0.0, "FAS240_L_max": 0.0, "G3PD1ir_min": 0.0, "MYCSacp56_min": 0.0, "FBPA_min": 0.0, "MYCSacp58_max": 0.0, "FAS80_L_min": 0.0, "MYCSacp58_min": 0.0, "FAS80_L_max": 0.0, "NADH2r_max": 0.0, "G3PD1ir_max": 0.0, "FAD_4_max": 0.0, "ACCC_max": 0.0, "FAD_1_min": 0.0, "FAD_1_max": 0.0, "APRAUR_max": 0.0, "APRAUR_min": 0.0, "ASNt2r_max": 0.0, "CHSTEROLt_max": 0.0, "CHSTEROLt_min": 0.0, "CIGAMS_max": 0.0, "CIGAMS_min": 0.0, "CYO1b_max": 0.0, "CYO1b_min": 0.0, "CYSK2_I_max": 0.0, "CYSK2_I_min": 0.0, "DCPE_max": 0.0, "DCPE_min": 0.0, "DCPT_max": 0.0, "DCPT_min": 0.0, "DHFR_max": 0.0, "DHFS_max": 0.0, "DHFS_min": 0.0, "EMB_min": 0.0, "EMB_max": 0.0, "ECHA191_max": 0.0, "ECHA192_min": 0.0, "ECHA192_max": 0.0, "FAD_20_max": 0.0, "ECHA191_min": 0.0, "FAD_20_min": 0.0, "FAD_2_min": 0.0, "FAD_2_max": 0.0, "FAD_27_min": 0.0, "FAD_27_max": 0.0, "FAD_26_min": 0.0, "FAD_26_max": 0.0, "FAD_25_min": 0.0, "ACCC_min": 0.0, "FAD_25_max": 0.0, "ACChex_max": 0.0, "FAD_24_min": 0.0, "ALAR_min": 0.0, "ACChex_min": 0.0, "FAD_23_min": 0.0, "ALAD_L_min": 0.0, "FAD_23_max": 0.0, "FAD_22_min": 0.0, "FAD_22_max": 0.0, "FAD_21_min": 0.0, "FAD_21_max": 0.0, "FAD_24_max": 0.0, "FAD_7_max": 8.937626764283316e-18, "FAS180_max": 1.786792921649258e-17, "MSHS_max": 2.4782422194321977e-17, "FAS260_min": 2.4833521663579948e-17, "ASPt2r_max": 5.614153290581642e-17, "FAD_3_max": 9.215823453001859e-17, "FAS160_max": 1.6187240780652802e-16, "ALAALAr_max": 0.019376826163856373, "MCOATA_max": 0.0303528433022421, "DHPPDA_min": 0.031879729161620914, "DHPPDA2_min": 0.031879729161620914, "FAS200_max": 0.03330272325778439, "NADH10_min": 0.0372411800625368, "NADH9_min": 0.037323215136033705, "FACOAL200_max": 0.04022451634815623, "PDIMAT_max": 0.04022451634815623, "PREPTHS_max": 0.04022451634815624, "MYCSacp50_min": 0.04244106834581083, "FBPA_max": 0.05707286884600427, "NNAM_min": 0.0811953882074946, "MAN1PT_max": 0.0820916969313536, "MAN1PT2_min": 0.0820916969313536, "MAN1PT_min": 0.0820916969313536, "CYST_II_min": 0.08422349478863089, "PYK_min": 0.08441764316765436, "CYST_II_max": 0.08726307807815048, "FAS120_min": 0.12194574231775446, "FAS140_min": 0.12194574231775446, "FAS100_min": 0.12194574231775446, "FAD_8_min": 0.12194574231775451, "FAD_16_min": 0.12194574231775453, "FAD_9_min": 0.12194574231775453, "FAD_19_min": 0.12194574231775453, "FAD_18_min": 0.12194574231775453, "FAD_14_min": 0.12194574231775453, "FAD_11_min": 0.12194574231775453, "FAD_10_min": 0.12194574231775453, "FAD_15_min": 0.12194574231775453, "FAD_12_min": 0.12194574231775453, "FAD_13_min": 0.12194574231775453, "FAD_17_min": 0.12194574231775454, "NADH2r_min": 0.12217731584961314, "VPAMTr_min": 0.1847207462284113, "NNAM_max": 0.18558740273591603, "NADH10_max": 0.1982220280091593, "ASNt2r_min": 0.20991129586047413, "ASPt2r_min": 0.21200250312604224, "TYRTA_max": 0.21660612692682887, "PHETA1_max": 0.2166061269268289, "VPAMTr_max": 0.2166061269268289, "FACOAL140_max": 0.2692004818963034, "FACOAL180_max": 0.2803459908627674, "PHETA1_min": 0.2829804323215794, "FACOALPREPH_max": 0.28350558387228425, "TYRTA_min": 0.2844905143212482, "PPCOAC_max": 0.2878531232396009, "Kabc_max": 0.32979779574665957}}