{"sampled_map_4": {"OXCDC_min": -0.5959744792559695, "OXCDC_max": -0.5689490919453908, "Kabc_min": -0.4496213212073425, "Kabc_max": -0.4393015258429405, "ADNCYC_min": -0.3983903757297851, "ADNCYC_max": -0.3876832825896898, "FACOAL140_min": -0.3862936723709606, "PGCD_min": -0.33587498546045846, "PGCD_max": -0.3339007174602867, "NARK_max": -0.29520695692716387, "CYSM_II_min": -0.29267351227214117, "ASPt2r_min": -0.2913148479736972, "CYSM_II_max": -0.27302138854122737, "ACCOAC_min": -0.2556914391201592, "FACOALPREPH_min": -0.20033305233764293, "DHFR_min": -0.19869807075818283, "FACOAL180_min": -0.16848922815065595, "ALAD_L_max": -0.12653484037544516, "MCD_min": -0.12513759890613013, "NADH5_min": -0.11194351100297457, "ASNt2r_max": -0.11194351100297449, "ASPt2r_max": -0.11194351100297446, "ASNt2r_min": -0.111264606376378, "GXRA_max": -0.1049829016817072, "NARK_min": -0.1025035214877099, "PPCOAC_min": -0.09707688487709693, "G3PD1ir_min": -0.06710821255424824, "G3PD1ir_max": -0.0619917356643861, "CHORS_min": -0.053087450285745935, "ALAR_max": -0.052916430988427875, "CHORS_max": -0.03040627286887711, "PYK_max": -0.022662873432597954, "CAT_min": -0.021921655472491565, "MCOATA_max": -0.017769318208867273, "FAD_3_min": -8.431879498620917e-17, "FAS260_max": -5.370847334548365e-17, "FAS160_max": -4.0374637036774806e-17, "MYCSacp50_max": -3.731981128457201e-17, "MSHS_min": -3.0326059149064e-17, "FAD_7_min": -2.6997818314653877e-17, "FAD_7_max": -2.6838785260628783e-17, "FAS260_min": -5.259854332702819e-18, "FAD_3_max": -4.760633455298378e-18, "FAD_17_min": -4.4671821796797974e-18, "FAD_27_max": 0.0, "FAS140_max": 0.0, "FAS140_min": 0.0, "FAD_5_min": 0.0, "FAD_26_min": 0.0, "FAS161_max": 0.0, "FAD_26_max": 0.0, "FAS120_min": 0.0, "FAD_27_min": 0.0, "FAS120_max": 0.0, "FAD_2_min": 0.0, "FAS100_min": 0.0, "FAS100_max": 0.0, "FAD_9_min": 0.0, "FAD_4_max": 0.0, "FAD_4_min": 0.0, "FAD_5_max": 0.0, "FAS161_min": 0.0, "FAD_6_min": 0.0, "FAD_6_max": 0.0, "FAD_2_max": 0.0, "FAS181_max": 0.0, "KGD2_max": 0.0, "FAS200_max": 0.0, "TDPDRR_min": 0.0, "TDPDRR_max": 0.0, "PREPTHS2_max": 0.0, "PPDIMAT_max": 0.0, "NAGINSP_min": 0.0, "NAGINSP_max": 0.0, "MYCSacp58_min": 0.0, "MYCSacp58_max": 0.0, "MYCSacp56_min": 0.0, "MYCSacp56_max": 0.0, "MYC1M2_min": 0.0, "MYC1M2_max": 0.0, "FAS181_min": 0.0, "MYC1M1_min": 0.0, "MCD_max": 0.0, "MAN1PT2_max": 0.0, "FAD_25_min": 0.0, "HEMEOS_min": 0.0, "HEMEOS_max": 0.0, "GXRA_min": 0.0, "FBPA_min": 0.0, "FBPA_max": 0.0, "FAS80_L_min": 0.0, "FAS80_L_max": 0.0, "FAS240_L_min": 0.0, "FAS240_L_max": 0.0, "MYC1M1_max": 0.0, "FAD_25_max": 0.0, "ACCC_max": 0.0, "FAD_24_max": 0.0, "FAD_10_min": 0.0, "ACCC_min": 0.0, "APRAUR_max": 0.0, "EMB_min": 0.0, "EMB_max": 0.0, "ECHA192_min": 0.0, "ECHA192_max": 0.0, "ECHA191_min": 0.0, "ECHA191_max": 0.0, "ACChex_max": 0.0, "FAD_24_min": 0.0, "ACChex_min": 0.0, "FAD_11_min": 0.0, "DHFS_min": 0.0, "DCPT_min": 0.0, "DCPT_max": 0.0, "DCPE_min": 0.0, "DCPE_max": 0.0, "CYSK2_I_min": 0.0, "CYSK2_I_max": 0.0, "CYO1b_min": 0.0, "ALAD_L_min": 0.0, "CIGAMS_min": 0.0, "CIGAMS_max": 0.0, "CHSTEROLt_min": 0.0, "CHSTEROLt_max": 0.0, "DHFS_max": 0.0, "FAD_12_min": 0.0, "APRAUR_min": 0.0, "FAD_21_max": 0.0, "FAD_15_min": 0.0, "FAD_22_min": 0.0, "FAD_18_min": 0.0, "FAD_14_min": 0.0, "FAD_22_max": 0.0, "FAD_19_min": 0.0, "FAD_16_min": 0.0, "FAD_20_min": 0.0, "FAD_21_min": 0.0, "FAD_1_min": 0.0, "FAD_13_min": 0.0, "FAD_23_max": 0.0, "FAD_23_min": 0.0, "FAD_20_max": 0.0, "FAD_1_max": 0.0, "FAS180_max": 7.642324883108522e-18, "MYCSacp50_min": 1.528358786567203e-17, "MSHS_max": 1.657459315392042e-17, "FAS160_min": 4.092275809570053e-17, "FAD_8_min": 4.27986567847583e-17, "DHPPDA2_max": 0.012838843120908761, "VPAMTr_max": 0.023192471782457386, "ACCOAC_max": 0.027613247891252572, "TMDS_min": 0.03478889396515303, "CYST_II_max": 0.03664188594693105, "FACOAL161_min": 0.04867270200139128, "PDIMAT_max": 0.048961466477078934, "FACOAL200_max": 0.048961466477078934, "PREPTHS_max": 0.048961466477078955, "DHFR_max": 0.057567452870076564, "TMDS_max": 0.057567452870076564, "PYK_min": 0.06393164139357754, "NADH5_max": 0.06468911745338092, "FACOAL180_max": 0.06691306150620789, "FACOAL140_max": 0.06695511581604235, "FACOALPREPH_max": 0.06728191708389963, "ALAALAr_min": 0.07302188511215356, "NADH2r_max": 0.09293070907843279, "NADH9_max": 0.09421497432130188, "ALAALAr_max": 0.09581894294912821, "FACOAL161_max": 0.1021452540769717, "FACOAL200_min": 0.1024191055987436, "PDIMAT_min": 0.1024191055987436, "PREPTHS_min": 0.10241910559874372, "FAD_14_max": 0.10328626889683255, "NADH10_max": 0.10609729541789766, "FAD_9_max": 0.10629854228539731, "FAD_10_max": 0.10629854228539731, "CYO1b_max": 0.10962886984731386, "FAD_18_max": 0.11053449377975345, "FAD_15_max": 0.11053449377975345, "FAD_16_max": 0.11053449378800785, "FAD_19_max": 0.11053449378800785, "FAD_17_max": 0.11053449378800803, "FAD_11_max": 0.11246863816035797, "FAD_13_max": 0.11246863816035797, "FAD_12_max": 0.11246863816035797, "MAN1PT_max": 0.11380438448134214, "MAN1PT_min": 0.11380438448134214, "MAN1PT2_min": 0.11380438448134214, "FAD_8_max": 0.12352561139241243, "NNAM_min": 0.14005565063050085, "ALAR_min": 0.14111834005143514, "FAS200_min": 0.14618322819348087, "FAS180_min": 0.14618322819348128, "VPAMTr_min": 0.1478683353920121, "PHETA1_max": 0.15951721085252532, "TYRTA_max": 0.15951721085252532, "PPCOAC_max": 0.1673783267499596, "PHETA1_min": 0.1695849049264342, "TYRTA_min": 0.16970172679241466, "PPDIMAT_min": 0.18694894480909457, "PREPTHS2_min": 0.18694894480909457, "MCOATA_min": 0.18694894583045882, "NADH2r_min": 0.20468526835649467, "NADH10_min": 0.20487422008140732, "NADH9_min": 0.20487422008140732, "CAT_max": 0.2145597276590622, "CYST_II_min": 0.2248522372843779, "DHPPDA_max": 0.28146190193471804, "NNAM_max": 0.36107721367469187, "DHPPDA2_min": 0.41165134711040724, "DHPPDA_min": 0.41165134711040724, "KGD2_min": 0.42795070983661593}}