,F_value,pvalue,value_counts
sol,0.03709801697740939,0.8498491156369612,"[(55.95477170794295, 1), (-72.19965901394662, 1), (54.56684743619686, 1), (56.04450094941459, 1), (55.96439789270392, 1), (56.808445003625025, 1), (-484.75977576921343, 1), (54.6673208162053, 1), (56.159023868068864, 1), (-410.8422357871974, 1), (54.61086994384346, 1), (55.95966322851639, 1), (-78.91127584280767, 1), (56.71321474804214, 1), (55.66542118487025, 1), (56.61659035474268, 1), (55.95077250986671, 1)]"
