,F_value,pvalue,value_counts
sol,1.4566350027503527,0.2461554217823518,"[(213.8125298519072, 1), (406.5716743055286, 1), (505.95188278277055, 1), (213.79133314059308, 1), (967.7473146297887, 1), (967.5720346905802, 1), (308.3766867213958, 1), (967.5905377517897, 1), (967.552047052835, 1), (213.55314784068372, 1), (213.55003902418588, 1), (213.7496070128739, 1), (308.3398774952024, 1), (213.5413867017748, 1), (213.7157171720077, 1), (967.5923242075374, 1), (967.7658537901289, 1)]"
